food_id,nutrient_id,amount_per_100g
1,59,44.0
1,16,330.0
1,16,1382.0
1,43,16.86
1,27,25.63
1,12,8.56
1,11,682.0
1,29,0.26
1,38,27.0
1,36,255.0
1,41,1284.0
1,60,2.31
1,46,201.0
1,46,761.0
1,57,0.63
1,56,102.0
1,56,2.5
1,56,2.5
1,58,3.4
1,27,15.057
1,27,6.846
1,27,1.049
1,27,0.917
1,27,0.758
1,27,0.159
2,59,49.5
2,16,277.0
2,16,1160.0
2,43,11.01
2,27,16.23
2,12,21.66
2,30,1.5
2,11,16.0
2,29,0.84
2,38,25.0
2,36,185.0
2,41,402.0
2,60,0.42
2,46,4.0
2,46,18.0
2,57,6.88
2,56,1.0
2,58,4.7
2,27,3.733
2,27,3.193
2,27,7.824
2,27,0.124
2,27,0.014
2,27,0.11
3,59,4.41
3,16,579.0
3,16,2423.0
3,43,21.15
3,27,49.93
3,12,21.55
3,30,12.5
3,11,269.0
3,29,3.71
3,38,270.0
3,36,733.0
3,41,1.0
3,60,3.12
3,46,2.0
3,57,25.63
3,27,3.802
3,27,31.551
3,27,12.329
3,27,0.015
3,27,0.012
3,27,0.003
4,59,70.73
4,16,172.0
4,16,719.0
4,43,7.89
4,27,12.95
4,12,5.9
4,30,0.7
4,11,165.0
4,29,1.19
4,38,30.0
4,36,231.0
4,41,566.0
4,60,0.85
4,55,7.3
4,46,244.0
4,46,2891.0
4,57,0.93
4,56,31.0
4,56,0.8
4,56,0.8
4,58,126.5
4,58,0.3
4,27,6.091
4,27,3.021
4,27,0.61
4,27,0.188
4,27,0.171
4,27,0.017
5,59,36.94
5,16,265.0
5,16,1108.0
5,43,13.36
5,27,4.23
5,12,43.34
5,30,7.4
5,11,103.0
5,29,2.5
5,38,78.0
5,36,230.0
5,41,381.0
5,60,1.7
5,55,0.1
5,57,0.37
5,58,1.4
5,27,0.872
5,27,0.76
5,27,1.872
6,59,88.29
6,16,41.0
6,16,173.0
6,43,0.93
6,27,0.24
6,12,9.58
6,30,2.8
6,11,33.0
6,29,0.3
6,38,12.0
6,36,320.0
6,41,69.0
6,60,0.24
6,55,5.9
6,46,835.0
6,46,16706.0
6,57,0.66
6,58,13.2
6,27,0.032
6,27,0.012
6,27,0.102
7,59,5.2
7,16,553.0
7,16,2314.0
7,43,18.22
7,27,43.85
7,12,30.19
7,30,3.3
7,11,37.0
7,29,6.68
7,38,292.0
7,36,660.0
7,41,12.0
7,60,5.78
7,55,0.5
7,57,0.9
7,58,34.1
7,27,7.783
7,27,23.797
7,27,7.845
8,59,90.95
8,16,32.0
8,16,136.0
8,43,0.67
8,27,0.3
8,12,7.68
8,30,2.0
8,11,16.0
8,29,0.41
8,38,13.0
8,36,153.0
8,41,1.0
8,60,0.14
8,55,58.8
8,46,1.0
8,46,12.0
8,57,0.29
8,58,2.2
8,27,0.015
8,27,0.043
8,27,0.155
9,59,7.99
9,16,360.0
9,16,1508.0
9,43,6.01
9,27,2.52
9,12,78.42
9,30,23.3
9,11,58.0
9,29,4.6
9,38,244.0
9,36,2443.0
9,41,83.0
9,60,0.51
9,46,8.0
9,57,0.98
9,58,1.6
9,27,0.603
9,27,0.356
9,27,1.225
10,59,4.98
10,16,321.0
10,16,1345.0
10,43,88.32
10,27,0.53
10,12,2.59
10,11,178.0
10,29,14.5
10,38,39.0
10,36,1590.0
10,41,50.0
10,60,4.03
10,27,0.077
10,27,0.117
10,27,0.299
11,59,44.16
11,16,260.0
11,16,1089.0
11,43,11.53
11,27,9.25
11,12,32.74
11,30,1.9
11,11,166.0
11,29,1.97
11,38,24.0
11,36,138.0
11,41,578.0
11,60,1.24
11,46,60.0
11,46,295.0
11,57,1.14
11,58,7.5
11,27,3.871
11,27,2.476
11,27,1.97
12,59,2.15
12,16,398.0
12,16,1665.0
12,43,3.33
12,27,1.67
12,12,92.39
12,30,3.3
12,11,32.0
12,29,0.59
12,38,32.0
12,36,105.0
12,41,33.0
12,60,0.42
12,55,0.3
12,46,1.0
12,57,2.77
12,27,1.667
13,59,4.0
13,16,341.0
13,16,1427.0
13,43,8.1
13,27,1.49
13,12,79.57
13,30,23.6
13,11,212.0
13,29,3.93
13,38,118.0
13,36,2540.0
13,41,275.0
13,60,1.57
13,55,14.6
13,46,3423.0
13,46,68466.0
13,57,5.45
13,58,108.0
13,27,0.256
13,27,0.076
13,27,0.73
14,59,33.2
14,16,246.0
14,16,1029.0
14,43,0.3
14,12,66.3
14,30,0.7
14,11,38.0
14,29,0.15
14,38,2.0
14,36,37.0
14,41,56.0
14,60,0.04
14,55,4.8
14,46,3.0
14,46,62.0
14,57,0.06
15,16,884.0
15,16,3699.0
15,27,100.0
15,57,39.2
15,58,7.0
15,27,8.2
15,27,69.9
15,27,17.4
16,59,90.0
16,16,32.0
16,16,132.0
16,43,2.3
16,27,0.2
16,12,6.8
16,30,1.5
16,11,28.0
16,29,0.83
16,38,21.0
16,36,168.0
16,41,31.0
16,60,0.26
16,55,5.7
16,46,303.0
16,46,6067.0
16,57,0.52
16,58,24.5
16,27,0.035
16,27,0.011
16,27,0.09
17,59,69.25
17,16,132.0
17,16,552.0
17,43,3.49
17,27,2.6
17,12,23.62
17,30,3.3
17,11,128.0
17,29,1.04
17,38,20.0
17,36,185.0
17,41,98.0
17,60,0.44
17,58,0.4
17,27,1.635
17,27,0.692
17,27,0.117
18,59,57.41
18,16,158.0
18,16,663.0
18,43,18.01
18,27,17.56
18,12,4.05
18,30,0.3
18,11,16.0
18,29,0.87
18,38,12.0
18,36,106.0
18,41,722.0
18,60,1.15
18,46,30.0
18,46,99.0
18,27,3.23
18,27,4.8
18,27,2.35
19,59,89.62
19,16,41.0
19,16,171.0
19,12,10.58
19,11,2.0
19,29,0.02
19,36,3.0
19,41,4.0
19,60,0.01
20,59,99.58
20,11,8.0
20,29,0.08
20,38,3.0
20,36,20.0
20,41,4.0
20,60,0.04
21,59,66.1
21,16,144.0
21,16,602.0
21,43,1.1
21,27,2.0
21,12,30.4
21,30,1.3
21,11,54.0
21,29,0.14
21,38,8.0
21,36,96.0
21,41,46.0
21,60,0.48
21,55,2.3
21,46,12.0
21,46,46.0
21,57,0.01
21,27,1.16
21,27,0.53
21,27,0.08
22,59,71.64
22,16,179.0
22,16,750.0
22,43,19.93
22,27,10.43
22,11,26.0
22,29,0.25
22,38,95.0
22,36,394.0
22,41,47.0
22,60,0.44
22,55,4.0
22,46,136.0
22,46,453.0
22,57,1.22
22,27,3.1
22,27,4.399
22,27,2.799
23,59,58.84
23,16,224.0
23,16,936.0
23,43,23.64
23,27,12.73
23,12,3.64
23,30,3.6
23,11,35.0
23,29,3.27
23,38,17.0
23,36,54.0
23,41,709.0
23,60,0.7
23,57,2.68
23,27,1.534
23,27,2.355
23,27,5.022
24,59,99.84
24,16,1.0
24,16,2.0
24,12,0.15
24,11,1.0
24,38,1.0
24,36,12.0
24,41,3.0
24,60,0.01
25,59,94.5
25,16,40.0
25,16,165.0
25,43,0.35
25,11,3.0
25,29,0.03
25,38,5.0
25,36,33.0
25,41,3.0
25,60,0.08
26,59,88.5
26,16,45.0
26,16,186.0
26,43,0.6
26,27,0.3
26,12,10.2
26,30,0.1
26,11,12.0
26,29,0.17
26,38,9.0
26,36,184.0
26,60,0.06
26,55,62.5
26,46,3.0
26,46,55.0
26,57,0.04
26,58,0.1
26,27,0.035
26,27,0.05
26,27,0.06
27,59,58.5
27,16,295.0
27,16,1234.0
27,43,7.1
27,27,28.6
27,12,3.5
27,11,71.0
27,29,1.13
27,38,6.0
27,36,112.0
27,41,436.0
27,60,0.51
27,46,302.0
27,46,1031.0
27,57,0.77
27,56,21.0
27,56,0.5
27,56,0.5
27,58,2.4
27,27,18.02
27,27,8.071
27,27,1.033
28,59,77.5
28,16,94.0
28,16,394.0
28,43,3.5
28,27,1.8
28,12,15.96
28,30,0.2
28,11,118.0
28,29,1.06
28,38,40.0
28,36,47.0
28,41,35.0
28,60,0.31
28,55,2.5
28,46,2.0
28,46,33.0
28,57,0.31
28,58,3.5
28,27,0.259
28,27,0.4
28,27,1.017
29,59,91.5
29,16,47.0
29,16,197.0
29,43,1.8
29,27,3.2
29,12,2.8
29,30,0.1
29,11,13.0
29,29,1.96
29,38,37.0
29,36,408.0
29,41,2.0
29,60,0.49
29,27,1.174
29,27,1.536
29,27,0.34
30,59,3.06
30,16,302.0
30,16,1263.0
30,43,12.91
30,27,0.44
30,12,74.68
30,30,16.5
30,11,166.0
30,29,4.56
30,38,178.0
30,36,1927.0
30,41,134.0
30,60,1.71
30,55,116.7
30,46,862.0
30,46,17247.0
30,57,12.25
30,58,48.8
30,27,0.062
30,27,0.066
30,27,0.179
31,59,97.89
31,41,2.0
32,59,96.0
32,16,16.0
32,16,67.0
32,43,2.0
32,27,0.6
32,12,0.4
32,11,30.0
32,29,0.21
32,38,1.0
32,36,86.0
32,41,200.0
32,60,0.1
32,46,1.0
32,46,4.0
32,57,0.15
32,58,0.2
32,27,0.133
32,27,0.108
32,27,0.245
33,59,99.93
33,38,1.0
33,36,15.0
33,60,0.01
34,59,89.09
34,16,32.0
34,16,134.0
34,43,1.32
34,27,0.39
34,12,7.09
34,30,1.4
34,11,10.0
34,29,0.68
34,38,20.0
34,36,373.0
34,41,15.0
34,60,0.19
34,55,21.5
34,46,40.0
34,46,801.0
34,27,0.055
34,27,0.058
34,27,0.157
35,59,63.16
35,16,187.0
35,16,782.0
35,43,16.04
35,27,9.26
35,12,9.41
35,11,17.0
35,29,1.0
35,38,19.0
35,36,178.0
35,41,402.0
35,60,0.56
35,55,2.2
35,46,24.0
35,46,97.0
35,27,1.544
35,27,2.887
35,27,4.122
36,12,0.2
36,16,1.0
36,59,99.7
36,11,2.0
36,29,0.08
36,38,1.0
36,36,9.0
36,41,1.0
36,60,0.04
36,46,1.0
36,27,0.002
36,27,0.001
36,27,0.005
37,43,1.43
37,27,74.0
37,12,2.87
37,16,683.0
37,59,20.5
37,30,0.3
37,11,37.0
37,29,0.22
37,38,4.0
37,36,61.0
37,41,473.0
37,60,0.18
37,46,682.0
37,57,0.01
37,56,0.4
37,55,1.0
37,58,6.5
37,27,41.0
37,27,15.2
37,27,2.29
38,43,0.02
38,27,0.01
38,12,0.18
38,16,1.0
38,59,99.7
38,11,3.0
38,29,0.01
38,38,1.0
38,36,4.0
38,41,4.0
38,60,0.01
38,27,0.002
38,27,0.002
38,27,0.002
39,43,0.77
39,27,0.14
39,12,10.7
39,16,42.0
39,59,88.1
39,30,1.6
39,11,22.0
39,29,0.08
39,38,9.0
39,36,135.0
39,60,0.07
39,46,58.0
39,57,0.13
39,55,31.2
39,27,0.021
39,27,0.02
39,27,0.036
40,43,1.43
40,27,3.6
40,12,6.9
40,16,66.0
40,59,87.6
40,11,36.0
40,29,0.44
40,38,4.0
40,36,52.0
40,41,15.0
40,60,0.48
40,46,58.0
40,57,1.08
40,56,1.0
40,55,5.8
40,58,5.2
40,57,1.08
40,27,1.53
40,27,0.658
40,27,1.36
41,43,0.77
41,27,0.14
41,12,10.7
41,16,42.0
41,59,88.1
41,30,1.6
41,11,22.0
41,29,0.08
41,38,9.0
41,36,135.0
41,60,0.07
41,46,58.0
41,57,0.13
41,55,31.2
41,27,0.021
41,27,0.02
41,27,0.036
41,43,0.77
41,27,0.14
41,12,10.7
41,16,42.0
41,59,88.1
41,30,1.6
41,11,22.0
41,29,0.08
41,38,9.0
41,36,135.0
41,60,0.07
41,46,58.0
41,57,0.13
41,55,31.2
41,27,0.021
41,27,0.02
41,27,0.036
42,43,0.58
42,27,0.1
42,12,9.15
42,16,36.0
42,59,89.8
42,30,0.4
42,11,15.0
42,29,0.41
42,38,10.0
42,36,132.0
42,41,2.0
42,60,0.09
42,57,0.09
42,55,21.8
42,27,0.014
42,27,0.014
42,27,0.024
43,43,0.92
43,27,0.14
43,12,11.8
43,16,50.0
43,59,86.7
43,30,2.2
43,11,42.0
43,29,0.22
43,38,10.0
43,36,174.0
43,41,4.0
43,60,0.09
43,46,11.0
43,57,0.18
43,55,56.2
43,27,0.015
43,27,0.023
43,27,0.025
44,43,0.57
44,27,0.26
44,12,9.32
44,16,98.0
44,59,81.5
44,30,0.2
44,11,42.0
44,29,0.06
44,38,8.0
44,36,135.0
44,41,2.0
44,60,0.03
44,46,1.0
44,57,0.15
44,56,0.3
44,55,21.2
44,27,0.01
44,27,0.016
44,27,0.022
45,43,14.5
45,27,12.7
45,12,22.5
45,16,262.0
45,59,48.4
45,30,0.8
45,11,14.0
45,29,0.94
45,38,20.0
45,36,209.0
45,41,553.0
45,60,1.13
45,46,75.0
45,57,1.07
45,56,0.1
45,55,0.9
45,58,24.4
45,27,2.42
45,27,3.47
45,27,6.09
46,43,0.6
46,27,0.04
46,12,11.8
46,16,46.0
46,59,87.3
46,30,0.7
46,11,11.0
46,29,0.26
46,38,11.0
46,36,130.0
46,41,5.0
46,60,0.5
46,46,42.0
46,57,0.1
46,55,33.3
46,27,0.003
46,27,0.005
46,27,0.005
47,43,1.1
47,27,0.3
47,12,9.32
47,16,29.0
47,59,89.0
47,30,2.8
47,11,26.0
47,29,0.6
47,38,8.0
47,36,138.0
47,41,2.0
47,60,0.06
47,46,1.0
47,57,0.15
47,55,53.0
47,27,0.039
47,27,0.011
47,27,0.089
48,43,2.41
48,27,16.2
48,12,31.5
48,16,280.0
48,59,49.3
48,30,0.7
48,11,40.0
48,29,0.6
48,38,7.0
48,36,79.0
48,41,169.0
48,60,0.23
48,46,83.0
48,57,0.47
48,56,0.4
48,55,0.9
48,58,2.6
48,27,7.36
48,27,5.46
48,27,1.14
49,43,4.53
49,27,11.3
49,12,43.7
49,16,294.0
49,59,39.7
49,30,1.1
49,11,17.0
49,29,1.25
49,38,8.0
49,36,67.0
49,41,179.0
49,60,0.42
49,46,35.0
49,57,0.39
49,56,0.5
49,55,0.6
49,58,2.6
49,27,3.65
49,27,5.13
49,27,1.52
50,43,0.87
50,27,9.27
50,12,18.2
50,16,159.0
50,59,71.3
50,30,0.1
50,11,117.0
50,29,0.26
50,38,8.0
50,36,40.0
50,41,39.0
50,60,0.16
50,46,27.0
50,57,1.58
50,56,0.8
50,58,0.7
50,57,1.5
50,27,7.04
50,27,1.05
50,27,0.503
51,43,1.09
51,27,0.37
51,12,13.8
51,16,63.0
51,59,84.1
51,30,1.0
51,11,39.0
51,29,0.23
51,38,30.0
51,36,300.0
51,41,19.0
51,60,0.15
51,46,47.0
51,57,0.46
51,56,0.2
51,55,22.1
51,58,77.4
51,27,0.059
51,27,0.024
51,27,0.068
52,43,1.59
52,27,0.72
52,12,12.7
52,16,64.0
52,59,84.2
52,30,1.0
52,11,52.0
52,29,0.22
52,38,31.0
52,36,295.0
52,41,26.0
52,60,0.22
52,46,58.0
52,57,0.42
52,56,0.3
52,55,16.5
52,58,77.6
52,27,0.301
52,27,0.109
52,27,0.076
53,43,1.14
53,27,1.6
53,12,3.04
53,16,31.0
53,59,93.8
53,30,0.1
53,11,153.0
53,29,0.32
53,38,10.0
53,36,52.0
53,41,51.0
53,60,0.2
53,46,35.0
53,57,2.07
53,56,1.0
53,58,0.9
53,57,1.97
53,27,0.159
53,27,0.782
53,27,0.509
54,43,0.86
54,27,0.14
54,12,15.0
54,16,65.0
54,59,83.6
54,30,0.9
54,11,20.0
54,29,0.14
54,38,11.0
54,36,131.0
54,41,14.0
54,60,0.09
54,46,2.0
54,57,0.03
54,55,5.2
54,58,0.3
54,27,0.049
54,27,0.052
55,43,0.6
55,27,0.84
55,12,1.82
55,16,17.0
55,59,96.4
55,30,0.1
55,11,79.0
55,29,0.18
55,38,19.0
55,36,46.0
55,41,29.0
55,60,0.11
55,46,18.0
55,57,1.05
55,56,0.5
55,58,0.5
55,57,1.0
55,27,0.096
55,27,0.397
55,27,0.274
56,43,0.97
56,27,1.36
56,12,2.81
56,16,28.0
56,59,94.4
56,30,0.1
56,11,128.0
56,29,0.29
56,38,22.0
56,36,63.0
56,41,44.0
56,60,0.17
56,46,29.0
56,57,1.72
56,56,0.8
56,58,0.7
56,57,1.64
56,27,0.148
56,27,0.65
56,27,0.439
57,43,1.16
57,27,0.61
57,12,12.4
57,16,60.0
57,59,85.1
57,30,1.0
57,11,58.0
57,29,0.28
57,38,30.0
57,36,275.0
57,41,28.0
57,60,0.18
57,46,53.0
57,57,0.82
57,56,0.3
57,55,16.5
57,58,77.7
57,57,0.38
57,27,0.087
57,27,0.173
57,27,0.162
58,43,0.6
58,27,0.24
58,12,11.9
58,16,51.0
58,59,86.9
58,30,1.0
58,11,30.0
58,29,0.22
58,38,13.0
58,36,184.0
58,41,2.0
58,60,0.08
58,46,2.0
58,57,0.18
58,56,0.2
58,55,25.7
58,58,0.6
58,27,0.031
58,27,0.02
58,27,0.042
59,43,2.32
59,27,1.1
59,12,12.0
59,16,66.0
59,59,84.0
59,30,1.1
59,11,80.0
59,29,0.19
59,38,14.0
59,36,174.0
59,41,28.0
59,60,0.37
59,46,20.0
59,57,0.16
59,56,0.6
59,55,9.5
59,58,3.3
59,27,0.588
59,27,0.243
59,27,0.095
60,43,0.61
60,27,0.35
60,12,12.7
60,16,54.0
60,59,86.0
60,30,1.5
60,11,27.0
60,29,0.23
60,38,12.0
60,36,171.0
60,41,2.0
60,60,0.08
60,46,2.0
60,57,0.27
60,56,0.1
60,55,22.7
60,58,4.2
60,27,0.038
60,27,0.038
60,27,0.099
61,43,0.88
61,27,1.24
61,12,8.76
61,16,50.0
61,59,88.6
61,30,0.1
61,11,116.0
61,29,0.26
61,38,23.0
61,36,68.0
61,41,54.0
61,60,0.21
61,46,27.0
61,57,1.57
61,56,0.8
61,58,0.7
61,57,1.48
61,27,0.134
61,27,0.59
61,27,0.398
62,43,0.6
62,27,0.85
62,12,1.83
62,16,17.0
62,59,96.4
62,30,0.1
62,11,79.0
62,29,0.18
62,38,19.0
62,36,46.0
62,41,29.0
62,60,0.11
62,46,18.0
62,57,1.06
62,56,0.5
62,58,0.5
62,57,1.0
62,27,0.096
62,27,0.399
62,27,0.275
63,43,1.36
63,27,0.79
63,12,2.83
63,16,24.0
63,59,94.6
63,30,0.1
63,11,65.0
63,29,0.24
63,38,22.0
63,36,83.0
63,41,28.0
63,60,0.14
63,46,28.0
63,57,0.06
63,56,0.6
63,58,1.6
63,27,0.122
63,27,0.197
63,27,0.458
64,43,0.97
64,27,1.37
64,12,2.82
64,16,28.0
64,59,94.4
64,30,0.1
64,11,128.0
64,29,0.29
64,38,21.0
64,36,63.0
64,41,45.0
64,60,0.18
64,46,30.0
64,57,1.73
64,56,0.8
64,58,0.8
64,57,1.64
64,27,0.148
64,27,0.654
64,27,0.441
65,43,0.94
65,27,1.33
65,12,5.99
65,16,40.0
65,59,91.3
65,30,0.1
65,11,123.0
65,29,0.28
65,38,21.0
65,36,61.0
65,41,43.0
65,60,0.17
65,46,29.0
65,57,1.67
65,56,0.8
65,58,0.7
65,57,1.58
65,27,0.143
65,27,0.629
65,27,0.424
66,43,0.54
66,27,0.8
66,12,12.5
66,16,60.0
66,59,85.8
66,11,71.0
66,29,0.17
66,38,17.0
66,36,42.0
66,41,26.0
66,60,0.1
66,46,16.0
66,57,0.95
66,56,0.5
66,58,0.4
66,57,0.9
66,27,0.087
66,27,0.359
66,27,0.248
67,43,1.45
67,27,1.06
67,12,11.6
67,16,60.0
67,59,85.3
67,30,1.1
67,11,77.0
67,29,0.52
67,38,19.0
67,36,104.0
67,41,23.0
67,60,0.19
67,46,11.0
67,57,0.79
67,56,0.3
67,55,9.6
67,58,4.3
67,57,0.54
67,27,0.135
67,27,0.339
67,27,0.465
68,43,1.35
68,27,1.64
68,12,8.41
68,16,54.0
68,59,88.0
68,30,0.4
68,11,172.0
68,29,0.3
68,38,13.0
68,36,66.0
68,41,56.0
68,60,0.61
68,46,33.0
68,57,1.95
68,56,0.9
68,55,1.7
68,58,0.9
68,57,1.85
68,27,0.289
68,27,0.734
68,27,0.478
69,43,0.88
69,27,1.24
69,12,8.8
69,16,50.0
69,59,88.6
69,30,0.1
69,11,116.0
69,29,0.26
69,38,23.0
69,36,68.0
69,41,54.0
69,60,0.21
69,46,27.0
69,57,1.57
69,56,0.8
69,58,0.7
69,57,1.49
69,27,0.134
69,27,0.593
69,27,0.4
70,43,0.55
70,27,0.78
70,12,8.07
70,16,42.0
70,59,90.2
70,11,73.0
70,29,0.17
70,38,21.0
70,36,54.0
70,41,41.0
70,60,0.15
70,46,17.0
70,57,0.97
70,56,0.5
70,58,0.4
70,57,0.92
70,27,0.089
70,27,0.365
70,27,0.252
71,43,0.61
71,27,0.86
71,12,1.86
71,16,18.0
71,59,96.4
71,30,0.1
71,11,81.0
71,29,0.19
71,38,19.0
71,36,47.0
71,41,30.0
71,60,0.11
71,46,18.0
71,57,1.07
71,56,0.5
71,58,0.5
71,57,1.02
71,27,0.098
71,27,0.405
71,27,0.279
72,43,0.59
72,27,0.84
72,12,5.16
72,16,31.0
72,59,93.1
72,11,77.0
72,29,0.18
72,38,19.0
72,36,46.0
72,41,28.0
72,60,0.11
72,46,18.0
72,57,1.03
72,56,0.5
72,58,0.5
72,57,0.98
72,27,0.095
72,27,0.389
72,27,0.269
73,43,0.94
73,27,1.33
73,12,6.01
73,16,40.0
73,59,91.3
73,30,0.1
73,11,124.0
73,29,0.28
73,38,21.0
73,36,61.0
73,41,43.0
73,60,0.17
73,46,29.0
73,57,1.68
73,56,0.8
73,58,0.7
73,57,1.59
73,27,0.143
73,27,0.632
73,27,0.426
74,43,1.58
74,27,1.0
74,12,13.6
74,16,70.0
74,59,83.4
74,11,46.0
74,29,0.26
74,38,22.0
74,36,88.0
74,41,18.0
74,60,0.15
74,46,26.0
74,57,0.07
74,56,0.3
74,58,1.3
74,27,0.152
74,27,0.184
74,27,0.522
75,43,0.52
75,27,0.75
75,12,12.2
75,16,58.0
75,59,86.1
75,11,69.0
75,29,0.16
75,38,20.0
75,36,52.0
75,41,39.0
75,60,0.15
75,46,16.0
75,57,0.92
75,56,0.4
75,58,0.4
75,57,0.88
75,27,0.085
75,27,0.348
75,27,0.24
76,43,7.09
76,27,0.69
76,12,11.9
76,16,83.0
76,59,78.8
76,30,1.2
76,11,89.0
76,29,0.35
76,38,43.0
76,36,292.0
76,41,38.0
76,60,0.64
76,46,49.0
76,57,0.76
76,56,0.3
76,55,15.2
76,58,71.7
76,57,0.36
76,27,0.141
76,27,0.171
76,27,0.172
77,43,7.35
77,27,1.24
77,12,10.0
77,16,79.0
77,59,80.1
77,30,1.1
77,11,115.0
77,29,0.28
77,38,23.0
77,36,173.0
77,41,40.0
77,60,0.77
77,46,21.0
77,57,0.16
77,56,0.7
77,55,8.5
77,58,3.5
77,27,0.669
77,27,0.268
77,27,0.111
78,43,6.23
78,27,0.44
78,12,12.2
78,16,76.0
78,59,80.0
78,30,1.6
78,11,59.0
78,29,0.3
78,38,26.0
78,36,195.0
78,41,13.0
78,60,0.53
78,46,2.0
78,57,0.25
78,56,0.1
78,55,21.0
78,58,3.9
78,27,0.092
78,27,0.046
78,27,0.114
79,43,0.21
79,27,2.08
79,12,2.92
79,16,31.0
79,59,94.6
79,11,188.0
79,29,0.3
79,36,19.0
79,41,19.0
79,46,63.0
79,56,1.0
79,27,2.08
80,43,16.1
80,27,23.1
80,12,8.85
80,16,307.0
80,59,45.1
80,11,1380.0
80,29,0.95
80,38,34.0
80,36,295.0
80,41,1280.0
80,60,2.21
80,46,270.0
80,57,0.84
80,56,6.5
80,58,3.1
80,27,12.9
80,27,5.66
80,27,0.99
81,43,7.1
81,27,28.6
81,12,3.5
81,16,295.0
81,59,58.5
81,11,71.0
81,29,1.13
81,38,6.0
81,36,112.0
81,41,436.0
81,60,0.51
81,46,302.0
81,57,0.77
81,56,0.5
81,58,2.4
81,27,18.0
81,27,8.07
81,27,1.03
82,43,16.4
82,27,21.2
82,12,8.73
82,16,290.0
82,59,47.6
82,11,562.0
82,29,0.33
82,38,29.0
82,36,242.0
82,41,1620.0
82,60,2.59
82,46,173.0
82,57,0.19
82,56,0.4
82,58,1.8
82,27,13.3
82,27,6.22
82,27,0.624
83,43,6.82
83,27,2.27
83,12,9.03
83,16,83.0
83,59,81.0
83,11,49.0
83,29,0.01
83,38,5.0
83,36,67.0
83,41,223.0
83,60,0.25
83,46,19.0
83,57,0.04
83,56,0.1
83,27,1.4
83,27,0.493
83,27,0.066
84,43,22.6
84,27,32.6
84,12,1.9
84,16,392.0
84,59,39.2
84,11,715.0
84,38,30.0
84,36,83.0
84,41,662.0
84,60,3.78
84,46,192.0
84,57,0.26
84,58,2.5
84,27,19.2
84,27,6.68
84,27,0.899
85,43,17.9
85,27,38.9
85,12,4.84
85,16,441.0
85,59,35.4
85,30,1.2
85,11,391.0
85,29,0.62
85,38,48.0
85,36,194.0
85,41,554.0
85,60,2.73
85,46,201.0
85,57,0.68
85,56,0.4
85,55,0.9
85,58,1.9
85,27,14.6
85,27,7.78
85,27,11.6
86,43,15.9
86,27,15.5
86,12,22.5
86,16,299.0
86,59,41.5
86,11,597.0
86,38,58.0
86,36,728.0
86,41,185.0
86,60,2.04
86,46,155.0
86,57,0.24
86,56,5.3
86,58,1.5
86,27,9.02
86,27,3.34
86,27,0.524
87,43,3.14
87,27,13.3
87,12,7.86
87,16,163.0
87,59,73.7
87,30,0.3
87,11,71.0
87,29,0.56
87,38,6.0
87,36,27.0
87,41,656.0
87,60,0.42
87,46,19.0
87,57,1.98
87,58,10.5
87,27,3.08
87,27,4.94
87,27,4.06
88,43,10.9
88,27,22.7
88,12,59.4
88,16,489.0
88,59,3.55
88,30,2.3
88,11,136.0
88,29,4.88
88,38,25.0
88,36,156.0
88,41,973.0
88,60,1.19
88,46,17.0
88,57,2.19
88,58,9.4
88,27,5.29
88,27,5.74
88,27,10.1
89,43,13.8
89,27,10.9
89,16,157.0
89,59,73.8
89,11,16.0
89,29,1.5
89,38,9.0
89,36,31.0
89,41,941.0
89,60,0.97
89,57,0.25
89,56,0.9
89,58,3.4
89,27,3.4
89,27,5.6
89,27,1.13
90,43,16.4
90,27,21.2
90,12,8.73
90,16,290.0
90,59,47.6
90,11,562.0
90,29,0.33
90,38,29.0
90,36,242.0
90,41,1620.0
90,60,2.59
90,46,173.0
90,57,0.19
90,56,0.4
90,58,1.8
90,27,13.3
90,27,6.22
90,27,0.624
91,43,10.4
91,27,20.8
91,12,44.8
91,16,408.0
91,59,21.1
91,30,2.1
91,11,90.0
91,29,2.49
91,38,17.0
91,36,84.0
91,41,750.0
91,60,0.96
91,46,24.0
91,57,1.49
91,56,0.1
91,58,32.4
91,27,6.25
91,27,4.34
91,27,9.2
92,43,25.0
92,27,32.0
92,12,1.0
92,16,390.0
92,59,38.0
92,11,705.0
92,29,0.7
92,38,30.0
92,36,55.0
92,41,670.0
92,60,3.0
92,46,115.0
92,57,0.28
92,58,2.7
92,27,5.82
92,27,14.1
92,27,10.6
93,43,15.1
93,27,16.1
93,12,30.0
93,16,325.0
93,59,36.1
93,30,1.4
93,11,415.0
93,29,2.04
93,38,27.0
93,36,101.0
93,41,534.0
93,60,2.03
93,46,130.0
93,57,0.44
93,56,0.2
93,58,1.1
93,27,8.39
93,27,3.48
93,27,1.59
94,43,23.3
94,27,34.0
94,12,2.44
94,16,409.0
94,59,36.6
94,11,707.0
94,29,0.16
94,38,27.0
94,36,77.0
94,41,654.0
94,60,3.67
94,46,316.0
94,57,0.75
94,56,0.6
94,58,2.4
94,27,19.2
94,27,7.44
94,27,1.18
95,43,16.3
95,27,16.3
95,12,27.7
95,16,323.0
95,59,36.8
95,30,3.2
95,11,386.0
95,29,1.92
95,38,44.0
95,36,143.0
95,41,528.0
95,60,2.31
95,46,130.0
95,57,0.51
95,56,0.2
95,55,0.1
95,58,4.2
95,27,8.33
95,27,3.45
95,27,1.41
96,43,16.1
96,27,23.1
96,12,8.85
96,16,307.0
96,59,45.1
96,11,1380.0
96,29,0.95
96,38,34.0
96,36,295.0
96,41,1280.0
96,60,2.21
96,46,270.0
96,57,0.84
96,56,6.5
96,58,3.1
96,27,12.9
96,27,5.66
96,27,0.99
97,43,16.8
97,27,27.2
97,12,7.16
97,16,340.0
97,59,42.2
97,11,1060.0
97,29,0.74
97,38,30.0
97,36,207.0
97,41,1430.0
97,60,2.37
97,46,262.0
97,57,0.82
97,56,6.5
97,58,3.2
97,27,15.6
97,27,6.12
97,27,1.08
98,43,23.2
98,27,29.7
98,12,2.79
98,16,371.0
98,59,41.1
98,11,674.0
98,29,0.43
98,38,24.0
98,36,136.0
98,41,560.0
98,60,2.6
98,46,292.0
98,57,0.26
98,56,0.5
98,58,2.5
98,27,18.8
98,27,8.6
98,27,0.784
99,43,20.8
99,27,27.7
99,12,0.45
99,16,334.0
99,59,48.4
99,11,184.0
99,29,0.5
99,38,20.0
99,36,152.0
99,41,629.0
99,60,2.38
99,46,174.0
99,57,0.24
99,56,0.5
99,58,2.3
99,27,17.4
99,27,8.01
99,27,0.826
100,43,19.8
100,27,24.3
100,12,0.46
100,16,300.0
100,59,51.8
100,11,388.0
100,29,0.33
100,38,20.0
100,36,187.0
100,41,842.0
100,60,2.38
100,46,241.0
100,57,0.21
100,56,0.4
100,58,2.0
100,27,15.3
100,27,7.02
100,27,0.724
101,43,23.8
101,27,32.1
101,12,2.57
101,16,394.0
101,59,38.2
101,11,685.0
101,29,0.76
101,38,26.0
101,36,127.0
101,41,604.0
101,60,3.07
101,46,264.0
101,57,0.28
101,56,0.6
101,58,2.7
101,27,20.2
101,27,9.28
101,27,0.953
102,43,19.7
102,27,19.1
102,12,5.58
102,16,273.0
102,59,51.9
102,11,371.0
102,29,0.07
102,38,18.0
102,36,105.0
102,41,1030.0
102,60,2.35
102,46,147.0
102,57,0.18
102,58,1.8
102,27,11.2
102,27,4.18
102,27,0.591
103,43,25.6
103,27,31.1
103,12,1.55
103,16,389.0
103,59,37.9
103,11,550.0
103,29,0.23
103,38,14.0
103,36,64.0
103,41,800.0
103,60,3.5
103,46,261.0
103,57,0.27
103,56,0.6
103,58,2.6
103,27,19.2
103,27,8.69
103,27,1.65
104,43,21.6
104,27,29.8
104,12,0.12
104,16,364.0
104,59,45.5
104,11,298.0
104,29,1.62
104,38,29.0
104,36,158.0
104,41,415.0
104,60,0.66
104,46,407.0
104,57,0.26
104,56,0.5
104,58,2.5
104,27,20.6
104,27,6.81
104,27,0.709
105,43,29.8
105,27,32.3
105,12,0.36
105,16,413.0
105,59,33.2
105,11,1010.0
105,29,0.17
105,38,36.0
105,36,81.0
105,41,714.0
105,60,3.9
105,46,271.0
105,57,0.28
105,56,0.6
105,58,2.7
105,27,18.9
105,27,10.0
105,27,1.73
106,43,20.0
106,27,27.2
106,12,0.49
106,16,327.0
106,59,48.4
106,11,497.0
106,29,0.13
106,38,21.0
106,36,128.0
106,41,800.0
106,60,2.1
106,46,340.0
106,57,0.23
106,56,0.5
106,58,2.3
106,27,16.7
106,27,8.61
106,27,0.495
107,43,23.4
107,27,30.0
107,12,1.12
107,16,368.0
107,59,41.8
107,11,717.0
107,29,0.41
107,38,27.0
107,36,134.0
107,41,628.0
107,60,2.81
107,46,298.0
107,57,0.26
107,56,0.6
107,58,2.5
107,27,19.1
107,27,8.71
107,27,0.661
108,43,20.7
108,27,31.3
108,12,4.33
108,16,381.0
108,59,38.8
108,11,849.0
108,29,0.39
108,38,28.0
108,36,129.0
108,41,964.0
108,60,3.15
108,46,294.0
108,57,0.78
108,56,3.0
108,58,2.7
108,27,17.8
108,27,6.91
108,27,1.14
109,43,4.34
109,27,1.03
109,12,13.7
109,16,81.0
109,59,80.0
109,30,0.1
109,11,156.0
109,29,0.1
109,38,15.0
109,36,204.0
109,41,60.0
109,60,0.71
109,46,9.0
109,57,0.03
109,56,1.2
109,55,1.7
109,58,0.2
109,27,0.671
109,27,0.29
109,27,0.03
110,43,3.65
110,27,1.07
110,12,12.6
110,16,74.0
110,59,81.9
110,30,0.1
110,11,129.0
110,29,0.11
110,38,12.0
110,36,170.0
110,41,53.0
110,60,0.62
110,46,10.0
110,57,0.03
110,56,1.2
110,55,1.5
110,58,0.1
110,27,0.689
110,27,0.298
110,27,0.03
111,43,6.67
111,27,2.87
111,12,10.2
111,16,94.0
111,59,79.4
111,30,0.1
111,11,136.0
111,29,0.07
111,38,13.0
111,36,179.0
111,41,49.0
111,60,0.62
111,46,25.0
111,57,0.03
111,56,0.6
111,55,1.0
111,58,0.1
111,27,1.63
111,27,0.665
111,27,0.254
112,43,4.83
112,27,2.63
112,12,12.3
112,16,90.0
112,59,79.5
112,30,0.9
112,11,89.0
112,29,1.08
112,38,27.0
112,36,189.0
112,41,30.0
112,60,0.37
112,46,42.0
112,57,0.18
112,56,1.2
112,55,1.5
112,58,4.5
112,27,0.386
112,27,0.547
112,27,1.45
113,43,3.9
113,27,6.25
113,12,34.4
113,16,204.0
113,59,54.5
113,30,0.8
113,11,83.0
113,29,1.35
113,38,21.0
113,36,170.0
113,41,192.0
113,60,0.48
113,46,38.0
113,57,0.25
113,56,0.1
113,55,0.5
113,58,0.8
113,27,2.8
113,27,1.96
113,27,1.11
114,43,3.0
114,27,3.6
114,12,21.6
114,16,131.0
114,59,71.2
114,30,2.3
114,11,100.0
114,29,0.46
114,38,25.0
114,36,234.0
114,41,63.0
114,60,0.28
114,46,39.0
114,57,0.09
114,56,0.1
114,58,0.3
114,27,2.27
114,27,0.961
114,27,0.102
115,43,3.0
115,27,3.6
115,12,21.6
115,16,127.0
115,59,71.2
115,11,100.0
115,29,0.46
115,38,10.0
115,36,156.0
115,41,63.0
115,60,0.28
115,46,49.0
115,57,0.09
115,56,0.1
115,55,0.7
115,58,0.3
115,27,2.33
115,27,0.986
115,27,0.1
116,43,3.0
116,27,3.6
116,12,21.6
116,16,127.0
116,59,71.2
116,11,100.0
116,29,0.46
116,38,10.0
116,36,156.0
116,41,63.0
116,60,0.28
116,46,49.0
116,57,0.09
116,56,0.1
116,55,0.7
116,58,0.3
116,27,2.33
116,27,0.986
116,27,0.1
117,43,8.11
117,27,7.34
117,12,6.47
117,16,122.0
117,59,77.0
117,30,0.9
117,11,13.0
117,29,0.81
117,38,13.0
117,36,139.0
117,41,312.0
117,60,1.39
117,46,5.0
117,57,0.9
117,55,1.2
117,58,10.5
117,27,1.64
117,27,3.05
117,27,1.83
118,43,10.0
118,27,7.09
118,12,5.16
118,16,121.0
118,59,76.5
118,30,1.1
118,11,12.0
118,29,0.99
118,38,16.0
118,36,154.0
118,41,324.0
118,60,1.74
118,46,6.0
118,57,0.95
118,55,1.5
118,58,12.4
118,27,1.62
118,27,2.98
118,27,1.81
119,43,8.06
119,27,7.34
119,12,4.5
119,16,115.0
119,59,78.9
119,30,1.0
119,11,17.0
119,29,0.82
119,38,10.0
119,36,130.0
119,41,310.0
119,60,1.35
119,46,140.0
119,57,1.25
119,55,6.6
119,58,20.4
119,27,1.64
119,27,3.03
119,27,1.83
120,43,11.4
120,27,6.73
120,12,3.0
120,16,116.0
120,59,77.5
120,30,1.4
120,11,19.0
120,29,1.14
120,38,13.0
120,36,164.0
120,41,316.0
120,60,1.94
120,46,206.0
120,57,1.34
120,55,9.7
120,58,27.3
120,27,1.67
120,27,2.79
120,27,1.54
121,43,6.19
121,27,6.16
121,12,12.8
121,16,130.0
121,59,73.4
121,30,0.8
121,11,71.0
121,29,1.17
121,38,12.0
121,36,112.0
121,41,301.0
121,60,0.92
121,46,9.0
121,57,0.68
121,56,0.1
121,55,0.7
121,58,7.1
121,27,1.43
121,27,2.46
121,27,1.59
122,43,6.15
122,27,6.36
122,12,11.7
122,16,127.0
122,59,74.3
122,30,0.9
122,11,73.0
122,29,1.17
122,38,10.0
122,36,106.0
122,41,306.0
122,60,0.9
122,46,86.0
122,57,0.92
122,56,0.1
122,55,3.8
122,58,13.0
122,27,1.45
122,27,2.53
122,27,1.67
123,43,6.68
123,27,5.05
123,12,14.9
123,16,131.0
123,59,72.1
123,30,1.0
123,11,13.0
123,29,1.12
123,38,17.0
123,36,97.0
123,41,305.0
123,60,1.08
123,46,6.0
123,57,0.58
123,56,0.1
123,55,0.7
123,58,5.9
123,27,1.12
123,27,1.97
123,27,1.26
124,43,8.78
124,27,4.91
124,12,18.3
124,16,151.0
124,59,66.7
124,30,1.4
124,11,14.0
124,29,1.48
124,38,22.0
124,36,116.0
124,41,300.0
124,60,1.44
124,46,7.0
124,57,0.56
124,56,0.1
124,55,0.9
124,58,6.8
124,27,1.15
124,27,1.89
124,27,1.19
125,43,6.65
125,27,5.04
125,12,13.8
125,16,127.0
125,59,73.3
125,30,1.1
125,11,15.0
125,29,1.12
125,38,15.0
125,36,92.0
125,41,305.0
125,60,1.06
125,46,83.0
125,57,0.78
125,56,0.1
125,55,3.8
125,58,11.6
125,27,1.11
125,27,1.96
125,27,1.26
126,43,8.71
126,27,5.19
126,12,16.7
126,16,148.0
126,59,68.0
126,30,1.5
126,11,17.0
126,29,1.48
126,38,19.0
126,36,109.0
126,41,317.0
126,60,1.4
126,46,112.0
126,57,0.88
126,56,0.1
126,55,5.1
126,58,14.7
126,27,1.18
126,27,1.99
126,27,1.3
127,43,5.3
127,27,6.34
127,12,12.4
127,16,126.0
127,59,74.7
127,30,1.3
127,11,11.0
127,29,0.6
127,38,16.0
127,36,221.0
127,41,312.0
127,60,0.9
127,46,3.0
127,57,0.92
127,55,3.9
127,58,9.1
127,27,1.22
127,27,2.64
127,27,1.88
128,43,5.23
128,27,7.16
128,12,11.2
128,16,129.0
128,59,75.2
128,30,1.4
128,11,13.0
128,29,0.59
128,38,14.0
128,36,215.0
128,41,302.0
128,60,0.87
128,46,78.0
128,57,1.27
128,55,6.9
128,58,15.3
128,27,1.33
128,27,2.97
128,27,2.2
129,43,6.93
129,27,5.15
129,12,13.5
129,16,126.0
129,59,73.0
129,30,1.8
129,11,14.0
129,29,0.78
129,38,18.0
129,36,280.0
129,41,313.0
129,60,1.16
129,46,107.0
129,57,1.0
129,55,9.4
129,58,17.1
129,27,1.09
129,27,2.13
129,27,1.44
130,43,6.97
130,27,5.1
130,12,15.0
130,16,131.0
130,59,71.5
130,30,1.7
130,11,12.0
130,29,0.78
130,38,21.0
130,36,287.0
130,41,305.0
130,60,1.19
130,46,4.0
130,57,0.73
130,55,5.3
130,58,9.5
130,27,1.09
130,27,2.12
130,27,1.42
131,43,5.8
131,27,5.18
131,12,16.1
131,16,135.0
131,59,71.7
131,30,0.7
131,11,12.0
131,29,0.99
131,38,13.0
131,36,95.0
131,41,314.0
131,60,1.0
131,46,3.0
131,57,0.7
131,55,0.7
131,58,6.9
131,27,1.08
131,27,2.15
131,27,1.41
132,43,7.62
132,27,4.29
132,12,20.0
132,16,149.0
132,59,66.8
132,30,0.9
132,11,13.0
132,29,1.32
132,38,16.0
132,36,113.0
132,41,333.0
132,60,1.34
132,46,4.0
132,57,0.57
132,55,0.9
132,58,7.3
132,27,1.0
132,27,1.79
132,27,1.08
133,43,5.77
133,27,5.18
133,12,15.0
133,16,131.0
133,59,72.8
133,30,0.8
133,11,14.0
133,29,1.0
133,38,11.0
133,36,90.0
133,41,307.0
133,60,0.98
133,46,80.0
133,57,0.9
133,55,3.7
133,58,12.5
133,27,1.08
133,27,2.14
133,27,1.41
134,43,7.54
134,27,4.86
134,12,18.4
134,16,149.0
134,59,67.9
134,30,1.0
134,11,16.0
134,29,1.31
134,38,14.0
134,36,106.0
134,41,312.0
134,60,1.3
134,46,107.0
134,57,0.95
134,55,5.1
134,58,15.4
134,27,1.07
134,27,2.01
134,27,1.3
135,43,7.56
135,27,7.83
135,12,5.12
135,16,120.0
135,59,77.3
135,30,1.1
135,11,13.0
135,29,0.63
135,38,16.0
135,36,200.0
135,41,757.0
135,60,0.91
135,46,6.0
135,57,1.06
135,56,0.2
135,55,1.5
135,58,12.6
135,27,1.62
135,27,3.47
135,27,2.41
136,43,7.45
136,27,8.28
136,12,2.59
136,16,115.0
136,59,79.4
136,30,1.2
136,11,17.0
136,29,0.63
136,38,12.0
136,36,188.0
136,41,767.0
136,60,0.86
136,46,178.0
136,57,1.59
136,56,0.2
136,55,8.4
136,58,25.6
136,27,1.68
136,27,3.64
136,27,2.59
137,43,5.56
137,27,5.06
137,12,15.0
137,16,126.0
137,59,72.7
137,30,1.7
137,11,12.0
137,29,0.56
137,38,21.0
137,36,316.0
137,41,457.0
137,60,0.71
137,46,4.0
137,57,0.7
137,56,0.1
137,55,5.3
137,58,9.2
137,27,1.03
137,27,2.21
137,27,1.59
138,43,5.47
138,27,5.9
138,12,13.4
138,16,128.0
138,59,73.5
138,30,1.8
138,11,14.0
138,29,0.56
138,38,19.0
138,36,306.0
138,41,461.0
138,60,0.67
138,46,106.0
138,57,1.12
138,56,0.1
138,55,9.4
138,58,17.5
138,27,1.14
138,27,2.55
138,27,1.91
139,43,10.1
139,27,7.03
139,12,5.52
139,16,124.0
139,59,76.2
139,30,1.2
139,11,17.0
139,29,0.6
139,38,19.0
139,36,221.0
139,41,319.0
139,60,1.0
139,46,7.0
139,57,0.8
139,56,0.2
139,55,1.8
139,58,12.0
139,27,1.66
139,27,3.02
139,27,1.77
140,43,11.2
140,27,7.27
140,12,3.14
140,16,123.0
140,59,77.0
140,30,1.5
140,11,24.0
140,29,0.67
140,38,16.0
140,36,234.0
140,41,317.0
140,60,1.06
140,46,216.0
140,57,1.32
140,56,0.3
140,55,10.4
140,58,28.1
140,27,1.78
140,27,3.09
140,27,1.75
141,43,5.03
141,27,6.43
141,12,12.4
141,16,126.0
141,59,74.9
141,30,1.3
141,11,13.0
141,29,0.41
141,38,17.0
141,36,244.0
141,41,301.0
141,60,0.55
141,46,3.0
141,57,0.9
141,56,0.1
141,55,4.0
141,58,8.9
141,27,1.24
141,27,2.7
141,27,1.94
142,43,6.59
142,27,5.44
142,12,14.9
142,16,133.0
142,59,71.6
142,30,1.7
142,11,14.0
142,29,0.52
142,38,22.0
142,36,317.0
142,41,308.0
142,60,0.71
142,46,4.0
142,57,0.73
142,56,0.1
142,55,5.4
142,58,9.4
142,27,1.13
142,27,2.3
142,27,1.58
143,43,4.98
143,27,6.84
143,12,11.2
143,16,126.0
143,59,75.7
143,30,1.4
143,11,15.0
143,29,0.41
143,38,15.0
143,36,238.0
143,41,306.0
143,60,0.52
143,46,79.0
143,57,1.17
143,56,0.1
143,55,7.0
143,58,14.8
143,27,1.29
143,27,2.86
143,27,2.1
144,43,6.55
144,27,5.43
144,12,13.4
144,16,128.0
144,59,73.1
144,30,1.8
144,11,16.0
144,29,0.52
144,38,20.0
144,36,310.0
144,41,316.0
144,60,0.69
144,46,107.0
144,57,1.0
144,56,0.1
144,55,9.5
144,58,17.0
144,27,1.13
144,27,2.28
144,27,1.58
145,43,3.78
145,27,7.12
145,12,12.8
145,16,128.0
145,59,74.9
145,30,1.3
145,11,12.0
145,29,0.43
145,38,16.0
145,36,237.0
145,41,352.0
145,60,0.55
145,46,7.0
145,57,0.67
145,56,0.2
145,55,4.0
145,58,7.2
145,27,1.73
145,27,2.96
145,27,1.87
146,43,3.73
146,27,7.53
146,12,11.6
146,16,128.0
146,59,75.7
146,30,1.4
146,11,14.0
146,29,0.43
146,38,14.0
146,36,231.0
146,41,357.0
146,60,0.52
146,46,83.0
146,57,0.94
146,56,0.2
146,55,7.0
146,58,13.2
146,27,1.78
146,27,3.12
146,27,2.03
147,43,2.39
147,27,6.09
147,12,6.11
147,16,90.0
147,59,83.4
147,30,1.2
147,11,58.0
147,29,0.76
147,38,67.0
147,36,340.0
147,41,450.0
147,60,0.33
147,46,257.0
147,57,1.58
147,56,0.3
147,55,15.1
147,58,341.0
147,27,3.3
147,27,1.18
147,27,0.368
148,43,2.85
148,27,0.62
148,12,2.41
148,16,27.0
148,59,92.5
148,30,1.6
148,11,68.0
148,29,1.26
148,38,93.0
148,36,582.0
148,41,111.0
148,60,0.45
148,46,283.0
148,57,2.03
148,55,26.5
148,58,483.0
148,27,0.063
148,27,0.01
148,27,0.165
149,43,4.28
149,27,12.9
149,12,22.4
149,16,223.0
149,59,59.0
149,30,1.7
149,11,43.0
149,29,1.78
149,38,17.0
149,36,161.0
149,41,329.0
149,60,0.42
149,46,8.0
149,57,2.37
149,56,0.1
149,55,30.6
149,58,52.5
149,27,1.78
149,27,5.22
149,27,4.82
150,43,2.57
150,27,0.34
150,12,6.27
150,16,39.0
150,59,90.0
150,30,2.4
150,11,46.0
150,29,0.69
150,38,21.0
150,36,303.0
150,41,36.0
150,60,0.42
150,46,8.0
150,57,0.15
150,55,91.3
150,58,102.0
150,27,0.039
150,27,0.011
150,27,0.017
151,43,10.4
151,27,10.6
151,12,5.09
151,16,160.0
151,59,72.0
151,30,1.3
151,11,33.0
151,29,1.23
151,38,24.0
151,36,300.0
151,41,440.0
151,60,2.4
151,46,4.0
151,57,1.8
151,55,40.0
151,58,61.4
151,27,1.88
151,27,4.42
151,27,3.37
152,43,4.94
152,27,5.42
152,12,6.65
152,16,93.0
152,59,81.4
152,30,1.4
152,11,25.0
152,29,0.62
152,38,18.0
152,36,275.0
152,41,351.0
152,60,0.37
152,46,55.0
152,57,1.58
152,56,0.1
152,55,8.9
152,58,8.8
152,27,1.29
152,27,1.92
152,27,1.78
153,43,5.06
153,27,0.01
153,12,3.64
153,16,35.0
153,59,71.1
153,11,43.0
153,29,0.78
153,38,175.0
153,36,288.0
153,41,7850.0
153,60,0.2
153,46,4.0
153,55,0.5
153,27,0.003
153,27,0.002
153,27,0.003
154,43,28.9
154,27,9.71
154,16,210.0
154,59,50.3
154,11,232.0
154,29,4.63
154,38,69.0
154,36,544.0
154,41,3670.0
154,60,2.44
154,46,12.0
154,57,3.33
154,56,1.7
154,58,12.1
154,27,2.2
154,27,3.77
154,27,2.56
155,43,23.2
155,27,6.3
155,16,156.0
155,59,69.2
155,11,241.0
155,29,2.04
155,38,37.0
155,36,194.0
155,41,379.0
155,60,1.02
155,46,130.0
155,57,1.03
155,56,7.3
155,55,0.9
155,58,0.1
155,27,1.86
155,27,2.22
155,27,1.65
156,43,20.0
156,27,10.7
156,12,7.79
156,16,213.0
156,59,60.5
156,30,0.3
156,11,53.0
156,29,1.88
156,38,34.0
156,36,366.0
156,41,314.0
156,60,1.65
156,46,30.0
156,57,1.36
156,56,26.0
156,55,1.3
156,58,4.0
156,27,2.39
156,27,4.11
156,27,2.89
157,43,19.9
157,27,8.17
157,12,7.79
157,16,189.0
157,59,62.3
157,30,0.3
157,11,26.0
157,29,0.97
157,38,45.0
157,36,378.0
157,41,322.0
157,60,0.54
157,46,33.0
157,57,2.05
157,56,0.8
157,58,4.0
157,27,2.39
157,27,2.88
157,27,1.88
158,43,20.6
158,27,17.1
158,12,7.79
158,16,273.0
158,59,52.0
158,30,0.3
158,11,31.0
158,29,1.11
158,38,24.0
158,36,302.0
158,41,317.0
158,60,1.8
158,46,951.0
158,57,4.89
158,56,24.5
158,55,1.5
158,58,3.9
158,27,3.72
158,27,9.2
158,27,2.38
159,43,20.7
159,27,6.24
159,12,7.79
159,16,175.0
159,59,64.7
159,30,0.3
159,11,18.0
159,29,0.75
159,38,27.0
159,36,473.0
159,41,334.0
159,60,0.48
159,46,40.0
159,57,1.34
159,56,5.0
159,58,3.9
159,27,1.56
159,27,2.16
159,27,1.69
160,43,20.1
160,27,14.3
160,12,7.79
160,16,245.0
160,59,56.0
160,30,0.3
160,11,70.0
160,29,1.74
160,38,37.0
160,36,359.0
160,41,357.0
160,60,1.14
160,46,47.0
160,57,1.82
160,56,4.5
160,55,0.6
160,58,4.0
160,27,3.39
160,27,5.58
160,27,3.62
161,43,21.6
161,27,8.82
161,12,7.79
161,16,202.0
161,59,61.2
161,30,0.3
161,11,53.0
161,29,1.66
161,38,34.0
161,36,391.0
161,41,331.0
161,60,0.64
161,46,55.0
161,57,1.74
161,56,1.6
161,55,1.0
161,58,4.0
161,27,2.42
161,27,2.8
161,27,2.14
162,43,19.3
162,27,14.5
162,12,6.64
162,16,238.0
162,59,58.4
162,30,0.3
162,11,17.0
162,29,0.86
162,38,27.0
162,36,329.0
162,41,350.0
162,60,0.46
162,46,29.0
162,57,2.88
162,56,5.3
162,55,0.9
162,58,8.7
162,27,2.84
162,27,5.28
162,27,4.53
163,43,14.2
163,27,18.0
163,12,9.64
163,16,262.0
163,59,55.2
163,11,77.0
163,29,1.22
163,38,8.0
163,36,69.0
163,41,870.0
163,60,0.53
163,46,258.0
163,57,1.71
163,56,2.8
163,58,0.2
163,27,2.38
163,27,11.9
163,27,1.68
164,43,21.5
164,27,5.58
164,12,7.79
164,16,172.0
164,59,63.2
164,30,0.3
164,11,70.0
164,29,1.16
164,38,36.0
164,36,288.0
164,41,304.0
164,60,0.8
164,46,41.0
164,57,0.9
164,56,2.7
164,55,3.2
164,58,4.0
164,27,1.38
164,27,1.84
164,27,1.6
165,43,17.2
165,27,2.34
165,16,94.0
165,59,80.3
165,11,18.0
165,29,0.32
165,38,22.0
165,36,272.0
165,41,83.0
165,60,0.5
165,46,8.0
165,57,0.51
165,56,1.3
165,58,0.9
165,27,0.557
165,27,0.856
165,27,0.517
166,43,23.3
166,27,9.58
166,12,7.79
166,16,216.0
166,59,57.6
166,30,0.3
166,11,46.0
166,29,1.47
166,38,55.0
166,36,184.0
166,41,346.0
166,60,0.55
166,46,84.0
166,57,1.74
166,56,0.7
166,58,4.0
166,27,2.22
166,27,3.56
166,27,2.64
167,43,25.2
167,27,0.96
167,16,116.0
167,59,71.5
167,11,49.0
167,29,1.4
167,38,54.0
167,36,415.0
167,41,763.0
167,60,0.5
167,46,24.0
167,57,0.55
167,56,0.8
167,58,0.1
167,27,0.173
167,27,0.157
167,27,0.321
168,43,22.8
168,27,6.26
168,12,7.79
168,16,185.0
168,59,61.1
168,30,0.3
168,11,44.0
168,29,0.78
168,38,37.0
168,36,454.0
168,41,330.0
168,60,0.48
168,46,51.0
168,57,1.7
168,56,10.8
168,55,1.3
168,58,4.0
168,27,1.55
168,27,1.93
168,27,1.87
169,43,11.0
169,27,16.2
169,12,21.7
169,16,277.0
169,59,49.5
169,30,1.5
169,11,16.0
169,29,0.84
169,38,25.0
169,36,185.0
169,41,402.0
169,60,0.42
169,46,4.0
169,57,6.88
169,58,4.7
169,27,3.73
169,27,3.19
169,27,7.82
170,43,7.55
170,27,1.86
170,12,3.31
170,16,60.0
170,59,86.5
170,30,1.0
170,11,88.0
170,29,0.51
170,38,18.0
170,36,270.0
170,41,145.0
170,60,0.4
170,46,30.0
170,57,0.53
170,56,4.8
170,55,8.9
170,58,23.1
170,27,0.321
170,27,0.439
170,27,0.544
171,43,10.8
171,27,17.4
171,12,2.73
171,16,213.0
171,59,67.5
171,30,0.4
171,11,126.0
171,29,0.43
171,38,19.0
171,36,245.0
171,41,507.0
171,60,0.46
171,46,20.0
171,57,1.07
171,56,7.4
171,55,0.7
171,58,43.0
171,27,2.76
171,27,3.96
171,27,9.53
172,43,24.6
172,27,4.21
172,16,136.0
172,59,70.6
172,11,60.0
172,29,0.57
172,38,24.0
172,36,326.0
172,41,378.0
172,60,0.65
172,46,20.0
172,57,1.28
172,56,14.1
172,58,0.1
172,27,0.749
172,27,0.971
172,27,1.3
173,43,17.4
173,27,20.7
173,12,11.7
173,16,307.0
173,59,48.5
173,30,0.5
173,11,21.0
173,29,1.16
173,38,25.0
173,36,301.0
173,41,391.0
173,60,0.43
173,46,37.0
173,57,4.36
173,56,8.4
173,55,1.8
173,58,12.3
173,27,3.56
173,27,7.46
173,27,7.0
174,43,25.9
174,27,16.5
174,16,259.0
174,59,56.0
174,11,11.0
174,29,0.45
174,38,34.0
174,36,461.0
174,41,288.0
174,60,0.47
174,46,67.0
174,57,3.86
174,56,13.9
174,55,3.0
174,58,2.5
174,27,3.76
174,27,4.83
174,27,4.62
175,43,25.4
175,27,18.4
175,12,0.01
175,16,274.0
175,59,54.6
175,11,11.0
175,29,0.44
175,38,34.0
175,36,452.0
175,41,294.0
175,60,0.46
175,46,75.0
175,57,4.11
175,56,13.7
175,55,2.9
175,58,4.3
175,27,4.28
175,27,5.54
175,27,5.17
176,43,20.4
176,27,11.2
176,16,188.0
176,59,67.6
176,11,8.0
176,29,0.35
176,38,27.0
176,36,364.0
176,41,63.0
176,60,0.37
176,46,52.0
176,57,2.76
176,56,11.0
176,55,2.9
176,58,0.5
176,27,2.49
176,27,3.16
176,27,3.12
177,43,18.3
177,27,4.32
177,16,117.0
177,59,72.0
177,11,11.0
177,29,0.85
177,38,18.0
177,36,175.0
177,41,672.0
177,60,0.31
177,46,26.0
177,57,1.35
177,56,17.1
177,58,0.1
177,27,0.929
177,27,2.02
177,27,0.995
178,43,25.8
178,27,14.1
178,16,237.0
178,59,58.8
178,11,11.0
178,29,0.44
178,38,34.0
178,36,460.0
178,41,177.0
178,60,0.46
178,46,56.0
178,57,3.49
178,56,13.9
178,55,3.0
178,58,0.6
178,27,3.15
178,27,4.0
178,27,3.94
179,43,13.9
179,27,15.9
179,12,19.4
179,16,279.0
179,59,49.0
179,30,1.0
179,11,85.0
179,29,1.59
179,38,24.0
179,36,227.0
179,41,419.0
179,60,0.62
179,46,34.0
179,57,2.32
179,56,5.2
179,55,1.3
179,58,15.4
179,27,2.97
179,27,4.64
179,27,6.72
180,43,6.88
180,27,1.28
180,12,15.3
180,16,103.0
180,59,75.2
180,30,0.7
180,11,5.0
180,29,0.22
180,38,11.0
180,36,101.0
180,41,350.0
180,60,0.4
180,46,15.0
180,57,0.24
180,56,3.4
180,55,0.5
180,58,0.1
180,27,0.226
180,27,0.383
180,27,0.32
181,43,8.92
181,27,1.74
181,12,13.4
181,16,107.0
181,59,74.8
181,30,0.6
181,11,5.0
181,29,0.23
181,38,13.0
181,36,133.0
181,41,317.0
181,60,0.4
181,46,17.0
181,57,0.31
181,56,4.9
181,27,0.305
181,27,0.517
181,27,0.428
182,43,16.1
182,27,22.1
182,12,4.46
182,16,285.0
182,59,55.7
182,30,0.3
182,11,23.0
182,29,0.71
182,38,22.0
182,36,282.0
182,41,404.0
182,60,0.48
182,46,51.0
182,57,3.37
182,56,7.7
182,55,1.9
182,58,23.0
182,27,4.05
182,27,6.6
182,27,9.15
183,43,25.4
183,27,18.4
183,12,0.01
183,16,274.0
183,59,54.6
183,11,11.0
183,29,0.44
183,38,34.0
183,36,452.0
183,41,294.0
183,60,0.46
183,46,75.0
183,57,4.11
183,56,13.7
183,55,2.9
183,58,4.3
183,27,4.28
183,27,5.54
183,27,5.17
184,43,19.0
184,27,0.94
184,12,0.08
184,16,85.0
184,59,79.0
184,11,18.0
184,29,1.67
184,38,23.0
184,36,176.0
184,41,219.0
184,60,0.66
184,46,17.0
184,57,0.33
184,56,1.2
184,58,0.2
184,27,0.224
184,27,0.114
184,27,0.259
185,43,30.3
185,27,5.14
185,12,0.01
185,16,176.0
185,59,62.6
185,11,6.0
185,29,0.96
185,38,44.0
185,36,548.0
185,41,271.0
185,60,0.46
185,46,39.0
185,57,0.98
185,56,2.2
185,58,3.9
185,27,1.4
185,27,1.75
185,27,1.48
186,43,19.0
186,27,0.94
186,12,0.08
186,16,85.0
186,59,79.0
186,11,18.0
186,29,1.67
186,38,23.0
186,36,176.0
186,41,219.0
186,60,0.66
186,46,17.0
186,57,0.33
186,56,1.2
186,58,0.2
186,27,0.224
186,27,0.114
186,27,0.259
187,43,24.4
187,27,0.49
187,16,109.0
187,59,74.0
187,11,4.0
187,29,0.77
187,38,35.0
187,36,441.0
187,41,45.0
187,60,0.37
187,46,18.0
187,57,0.24
187,56,1.7
187,58,0.1
187,27,0.172
187,27,0.116
187,27,0.147
188,43,7.4
188,27,0.26
188,12,15.3
188,16,97.0
188,59,75.6
188,30,0.7
188,11,4.0
188,29,0.31
188,38,12.0
188,36,119.0
188,41,342.0
188,60,0.38
188,46,8.0
188,57,0.1
188,56,0.4
188,55,0.5
188,58,0.1
188,27,0.069
188,27,0.076
188,27,0.084
189,43,9.66
189,27,0.29
189,12,13.4
189,16,100.0
189,59,75.3
189,30,0.6
189,11,3.0
189,29,0.35
189,38,15.0
189,36,159.0
189,41,306.0
189,60,0.37
189,46,6.0
189,57,0.11
189,56,0.6
189,27,0.083
189,27,0.082
189,27,0.092
190,43,15.3
190,27,14.9
190,12,2.65
190,16,206.0
190,59,65.7
190,30,0.2
190,11,25.0
190,29,1.53
190,38,19.0
190,36,155.0
190,41,372.0
190,60,0.66
190,46,30.0
190,57,1.65
190,56,1.1
190,55,0.3
190,58,23.1
190,27,2.45
190,27,4.42
190,27,7.19
191,43,11.3
191,27,17.6
191,12,2.85
191,16,214.0
191,59,66.6
191,30,0.4
191,11,87.0
191,29,0.87
191,38,16.0
191,36,147.0
191,41,440.0
191,60,0.71
191,46,49.0
191,57,0.92
191,56,0.7
191,55,0.7
191,58,40.7
191,27,4.11
191,27,3.89
191,27,8.52
192,43,10.3
192,27,15.4
192,12,2.74
192,16,190.0
192,59,70.1
192,30,0.4
192,11,24.0
192,29,0.97
192,38,14.0
192,36,152.0
192,41,393.0
192,60,0.45
192,46,31.0
192,57,0.94
192,56,0.8
192,55,0.7
192,58,40.9
192,27,2.58
192,27,3.57
192,27,8.62
193,43,7.59
193,27,6.79
193,12,18.2
193,16,164.0
193,59,66.2
193,30,0.8
193,11,51.0
193,29,0.86
193,38,17.0
193,36,75.0
193,41,176.0
193,60,0.48
193,46,66.0
193,57,0.6
193,56,0.4
193,55,0.1
193,58,3.1
193,27,2.68
193,27,1.6
193,27,1.09
194,43,9.86
194,27,11.8
194,12,18.3
194,16,218.0
194,59,58.4
194,30,1.0
194,11,85.0
194,29,1.75
194,38,19.0
194,36,142.0
194,41,429.0
194,60,0.56
194,46,14.0
194,57,0.7
194,56,0.4
194,55,0.5
194,58,29.9
194,27,1.95
194,27,2.59
194,27,6.82
195,43,10.6
195,27,14.8
195,12,17.0
195,16,244.0
195,59,55.4
195,30,1.3
195,11,150.0
195,29,1.7
195,38,18.0
195,36,146.0
195,41,564.0
195,60,0.72
195,46,40.0
195,57,0.63
195,56,0.8
195,55,0.4
195,58,29.1
195,27,4.08
195,27,3.29
195,27,6.34
196,43,10.5
196,27,11.9
196,12,17.1
196,16,217.0
196,59,58.8
196,30,2.1
196,11,68.0
196,29,1.68
196,38,29.0
196,36,166.0
196,41,425.0
196,60,0.72
196,46,14.0
196,57,0.74
196,56,0.4
196,55,0.5
196,58,31.7
196,27,1.92
196,27,2.56
196,27,6.72
197,43,6.69
197,27,9.9
197,12,20.9
197,16,200.0
197,59,61.7
197,30,1.2
197,11,10.0
197,29,1.11
197,38,16.0
197,36,69.0
197,41,206.0
197,60,0.45
197,46,7.0
197,57,0.52
197,56,0.2
197,55,1.5
197,58,23.5
197,27,1.58
197,27,2.17
197,27,5.71
198,43,4.57
198,27,5.17
198,12,15.4
198,16,128.0
198,59,73.8
198,30,0.4
198,11,22.0
198,29,0.84
198,38,11.0
198,36,73.0
198,41,298.0
198,60,0.39
198,46,8.0
198,57,0.82
198,56,0.3
198,58,8.7
198,27,0.883
198,27,1.81
198,27,2.13
199,43,10.1
199,27,15.8
199,12,2.89
199,16,194.0
199,59,69.7
199,30,0.4
199,11,21.0
199,29,0.95
199,38,15.0
199,36,155.0
199,41,418.0
199,60,0.4
199,46,20.0
199,57,0.93
199,56,0.7
199,55,0.7
199,58,44.7
199,27,2.52
199,27,3.52
199,27,9.29
200,43,14.4
200,27,3.71
200,12,2.81
200,16,102.0
200,59,77.7
200,11,49.0
200,29,1.27
200,38,20.0
200,36,170.0
200,41,327.0
200,60,0.6
200,46,53.0
200,57,0.47
200,56,1.2
200,58,1.6
200,27,1.56
200,27,0.849
200,27,0.591
201,43,11.0
201,27,13.5
201,12,16.9
201,16,233.0
201,59,56.6
201,30,0.9
201,11,170.0
201,29,1.62
201,38,20.0
201,36,143.0
201,41,489.0
201,60,0.82
201,46,40.0
201,57,0.7
201,56,0.8
201,55,0.4
201,58,27.0
201,27,3.46
201,27,2.98
201,27,6.22
202,43,7.85
202,27,4.52
202,12,17.4
202,16,143.0
202,59,69.3
202,30,1.0
202,11,25.0
202,29,1.07
202,38,16.0
202,36,72.0
202,41,252.0
202,60,0.5
202,46,38.0
202,57,0.18
202,56,0.4
202,58,0.4
202,27,2.31
202,27,0.89
202,27,0.393
203,43,11.6
203,27,13.6
203,12,15.8
203,16,232.0
203,59,56.9
203,30,1.9
203,11,155.0
203,29,1.55
203,38,29.0
203,36,165.0
203,41,486.0
203,60,0.96
203,46,40.0
203,57,0.74
203,56,0.8
203,55,0.5
203,58,28.6
203,27,3.43
203,27,2.96
203,27,6.13
204,43,8.03
204,27,4.76
204,12,16.4
204,16,143.0
204,59,68.8
204,30,0.7
204,11,18.0
204,29,1.2
204,38,14.0
204,36,112.0
204,41,609.0
204,60,0.69
204,46,25.0
204,57,0.9
204,55,10.6
204,58,2.8
204,27,1.0
204,27,2.66
204,27,0.598
205,43,6.18
205,27,32.8
205,12,4.2
205,16,337.0
205,59,54.4
205,30,0.2
205,11,119.0
205,29,0.41
205,38,12.0
205,36,102.0
205,41,715.0
205,60,0.75
205,46,71.0
205,57,1.39
205,56,0.1
205,55,1.5
205,58,54.6
205,27,8.47
205,27,7.28
205,27,15.2
206,43,10.1
206,27,15.8
206,12,1.25
206,16,190.0
206,59,70.9
206,30,0.4
206,11,69.0
206,29,0.54
206,38,22.0
206,36,167.0
206,41,585.0
206,60,1.74
206,46,9.0
206,57,1.41
206,55,4.2
206,58,39.8
206,27,2.5
206,27,3.53
206,27,9.35
207,43,8.53
207,27,17.4
207,12,2.51
207,16,203.0
207,59,68.9
207,30,0.1
207,11,32.0
207,29,1.2
207,38,16.0
207,36,274.0
207,41,463.0
207,60,0.34
207,46,54.0
207,57,4.04
207,55,0.5
207,58,6.2
207,27,2.73
207,27,11.6
207,27,1.72
208,43,9.94
208,27,9.98
208,12,5.56
208,16,153.0
208,59,72.9
208,30,0.1
208,11,89.0
208,29,1.01
208,38,16.0
208,36,149.0
208,41,425.0
208,60,1.05
208,46,130.0
208,57,0.56
208,56,1.3
208,55,0.6
208,58,0.7
208,27,4.83
208,27,2.45
208,27,0.815
209,43,10.6
209,27,21.2
209,12,4.66
209,16,251.0
209,59,61.8
209,30,0.1
209,11,106.0
209,29,0.48
209,38,22.0
209,36,191.0
209,41,388.0
209,60,1.65
209,46,168.0
209,57,1.0
209,56,1.1
209,55,0.8
209,58,1.8
209,27,11.0
209,27,5.05
209,27,1.09
210,43,9.39
210,27,7.91
210,12,24.6
210,16,207.0
210,59,56.7
210,30,1.3
210,11,89.0
210,29,1.66
210,38,20.0
210,36,161.0
210,41,382.0
210,60,0.53
210,46,13.0
210,57,0.81
210,56,0.5
210,55,2.1
210,58,4.7
210,27,2.18
210,27,3.01
210,27,2.07
211,43,5.91
211,27,12.5
211,12,1.99
211,16,145.0
211,59,77.7
211,11,73.0
211,29,0.47
211,38,10.0
211,36,98.0
211,41,541.0
211,60,0.5
211,46,125.0
211,57,0.45
211,56,0.4
211,55,0.5
211,58,1.1
211,27,6.97
211,27,2.57
211,27,0.599
212,43,11.3
212,27,9.82
212,12,24.7
212,16,234.0
212,59,52.1
212,30,1.1
212,11,107.0
212,29,1.82
212,38,23.0
212,36,113.0
212,41,439.0
212,60,0.88
212,46,28.0
212,57,2.24
212,56,0.1
212,58,8.2
212,27,1.51
212,27,3.7
212,27,3.86
213,43,6.84
213,27,6.82
213,12,15.0
213,16,147.0
213,59,69.7
213,30,1.2
213,11,33.0
213,29,0.61
213,38,27.0
213,36,130.0
213,41,349.0
213,60,0.65
213,46,31.0
213,57,1.42
213,56,0.2
213,55,4.9
213,58,20.6
213,27,1.13
213,27,2.95
213,27,2.1
214,43,9.89
214,27,11.8
214,12,17.2
214,16,216.0
214,59,59.2
214,30,1.0
214,11,116.0
214,29,1.48
214,38,24.0
214,36,150.0
214,41,540.0
214,60,1.46
214,46,6.0
214,57,1.01
214,55,2.8
214,58,26.6
214,27,1.94
214,27,2.59
214,27,6.86
215,43,5.33
215,27,1.48
215,12,7.09
215,16,64.0
215,59,84.2
215,30,1.5
215,11,42.0
215,29,1.08
215,38,21.0
215,36,326.0
215,41,432.0
215,60,0.42
215,46,40.0
215,57,2.16
215,55,2.0
215,58,11.3
215,27,0.185
215,27,0.334
215,27,0.503
216,43,4.34
216,27,1.28
216,12,7.0
216,16,58.0
216,59,86.6
216,30,0.1
216,11,7.0
216,29,0.47
216,38,7.0
216,36,55.0
216,41,246.0
216,60,0.53
216,46,1.0
216,57,0.06
216,58,0.3
216,27,0.449
216,27,0.542
216,27,0.134
217,43,7.12
217,27,0.49
217,12,3.04
217,16,47.0
217,59,88.2
217,30,1.0
217,11,60.0
217,29,0.64
217,38,24.0
217,36,237.0
217,41,266.0
217,60,1.12
217,46,159.0
217,57,0.79
217,55,7.6
217,58,58.6
217,27,0.088
217,27,0.049
217,27,0.22
218,43,7.66
218,27,0.5
218,12,2.62
218,16,47.0
218,59,88.1
218,30,0.8
218,11,63.0
218,29,0.67
218,38,25.0
218,36,236.0
218,41,280.0
218,60,1.2
218,46,114.0
218,57,0.77
218,55,11.5
218,58,61.7
218,27,0.095
218,27,0.05
218,27,0.231
219,43,7.91
219,27,1.95
219,12,2.77
219,16,62.0
219,59,86.2
219,30,0.8
219,11,59.0
219,29,0.72
219,38,22.0
219,36,221.0
219,41,245.0
219,60,1.11
219,46,158.0
219,57,0.82
219,56,0.3
219,55,6.5
219,58,50.2
219,27,0.547
219,27,0.63
219,27,0.392
220,43,8.41
220,27,2.05
220,12,2.39
220,16,64.0
220,59,86.0
220,30,0.7
220,11,61.0
220,29,0.75
220,38,23.0
220,36,219.0
220,41,256.0
220,60,1.18
220,46,119.0
220,57,0.81
220,56,0.3
220,55,9.7
220,58,52.3
220,27,0.581
220,27,0.667
220,27,0.412
221,43,5.87
221,27,9.66
221,12,2.7
221,16,122.0
221,59,80.1
221,30,0.3
221,11,63.0
221,29,0.54
221,38,12.0
221,36,150.0
221,41,436.0
221,60,0.51
221,46,106.0
221,57,0.48
221,56,0.3
221,55,9.0
221,58,1.6
221,27,5.36
221,27,1.97
221,27,0.508
222,43,2.73
222,27,0.7
222,12,7.44
222,16,48.0
222,59,88.3
222,30,0.3
222,11,8.0
222,29,0.44
222,38,6.0
222,36,62.0
222,41,241.0
222,60,0.37
222,46,2.0
222,57,0.05
222,55,0.6
222,58,5.3
222,27,0.238
222,27,0.283
222,27,0.088
223,43,5.4
223,27,12.8
223,12,15.7
223,16,202.0
223,59,64.3
223,30,0.9
223,11,36.0
223,29,0.83
223,38,13.0
223,36,65.0
223,41,572.0
223,60,0.47
223,46,56.0
223,57,1.53
223,56,0.2
223,55,0.2
223,58,7.4
223,27,4.1
223,27,4.1
223,27,3.05
224,43,7.59
224,27,5.64
224,12,15.7
224,16,146.0
224,59,69.7
224,30,0.9
224,11,34.0
224,29,1.09
224,38,17.0
224,36,113.0
224,41,231.0
224,60,0.86
224,46,33.0
224,57,1.65
224,56,0.5
224,55,7.4
224,58,4.1
224,27,0.93
224,27,3.59
224,27,0.669
225,43,5.43
225,27,1.25
225,12,6.6
225,16,60.0
225,59,85.0
225,30,1.4
225,11,39.0
225,29,1.01
225,38,20.0
225,36,323.0
225,41,353.0
225,60,0.46
225,46,41.0
225,57,1.79
225,55,10.2
225,58,9.5
225,27,0.165
225,27,0.263
225,27,0.435
226,43,5.86
226,27,6.48
226,12,17.0
226,16,152.0
226,59,69.6
226,30,0.9
226,11,39.0
226,29,0.89
226,38,14.0
226,36,70.0
226,41,261.0
226,60,0.5
226,46,60.0
226,57,0.25
226,56,0.2
226,55,0.3
226,58,0.5
226,27,3.45
226,27,1.3
226,27,0.457
227,43,5.73
227,27,8.15
227,12,16.6
227,16,165.0
227,59,68.1
227,30,0.9
227,11,38.0
227,29,0.87
227,38,14.0
227,36,69.0
227,41,395.0
227,60,0.49
227,46,59.0
227,57,0.59
227,56,0.2
227,55,0.2
227,58,2.3
227,27,3.62
227,27,2.04
227,27,1.14
228,43,5.16
228,27,7.97
228,12,18.0
228,16,166.0
228,59,67.4
228,30,1.5
228,11,22.0
228,29,1.11
228,38,18.0
228,36,166.0
228,41,393.0
228,60,0.44
228,46,18.0
228,57,2.29
228,55,0.9
228,58,11.9
228,27,1.08
228,27,3.12
228,27,3.02
229,43,5.38
229,27,11.6
229,12,16.0
229,16,191.0
229,59,65.3
229,30,1.0
229,11,32.0
229,29,0.86
229,38,14.0
229,36,88.0
229,41,525.0
229,60,0.47
229,46,47.0
229,57,1.54
229,56,0.1
229,55,4.0
229,58,7.6
229,27,3.38
229,27,3.84
229,27,3.01
230,43,5.58
230,27,1.19
230,12,19.4
230,16,113.0
230,59,72.8
230,30,1.6
230,11,24.0
230,29,1.19
230,38,19.0
230,36,180.0
230,41,209.0
230,60,0.47
230,46,19.0
230,57,1.07
230,55,1.0
230,58,5.5
230,27,0.18
230,27,0.229
230,27,0.411
231,43,5.45
231,27,2.98
231,12,19.0
231,16,127.0
231,59,71.2
231,30,1.6
231,11,23.0
231,29,1.16
231,38,19.0
231,36,176.0
231,41,344.0
231,60,0.46
231,46,19.0
231,57,1.39
231,55,0.9
231,58,7.2
231,27,0.419
231,27,0.992
231,27,1.1
232,43,5.5
232,27,13.2
232,12,15.3
232,16,197.0
232,59,64.1
232,30,1.9
232,11,39.0
232,29,1.04
232,38,30.0
232,36,90.0
232,41,573.0
232,60,0.86
232,46,56.0
232,57,1.61
232,56,0.2
232,55,0.2
232,58,7.6
232,27,4.13
232,27,4.12
232,27,3.17
233,43,5.83
233,27,5.13
233,12,17.3
233,16,141.0
233,59,70.8
233,30,1.1
233,11,34.0
233,29,0.92
233,38,15.0
233,36,95.0
233,41,210.0
233,60,0.51
233,46,51.0
233,57,0.26
233,56,0.2
233,55,4.4
233,58,0.8
233,27,2.67
233,27,1.02
233,27,0.414
234,43,9.23
234,27,19.2
234,12,38.6
234,16,364.0
234,59,30.6
234,30,3.8
234,11,162.0
234,29,3.71
234,38,50.0
234,36,295.0
234,41,847.0
234,60,1.26
234,46,93.0
234,57,3.04
234,56,1.2
234,58,15.3
234,27,4.16
234,27,7.11
234,27,5.87
235,43,7.86
235,27,12.3
235,12,32.9
235,16,273.0
235,59,44.9
235,30,3.2
235,11,138.0
235,29,3.15
235,38,42.0
235,36,252.0
235,41,722.0
235,60,1.08
235,46,79.0
235,57,1.82
235,56,1.0
235,58,8.9
235,27,3.0
235,27,4.33
235,27,3.44
236,43,6.92
236,27,18.0
236,12,45.7
236,16,372.0
236,59,27.0
236,30,1.8
236,11,168.0
236,29,2.17
236,38,27.0
236,36,143.0
236,41,389.0
236,60,0.83
236,46,44.0
236,57,3.14
236,56,0.7
236,58,15.7
236,27,2.98
236,27,7.17
236,27,6.36
237,43,9.62
237,27,16.0
237,12,57.3
237,16,412.0
237,59,14.3
237,30,6.4
237,11,128.0
237,29,3.46
237,38,68.0
237,36,212.0
237,41,706.0
237,60,1.84
237,46,12.0
237,57,1.08
237,56,0.1
237,58,3.9
237,27,3.21
237,27,8.02
237,27,3.21
238,43,5.96
238,27,1.7
238,12,29.9
238,16,148.0
238,59,61.5
238,30,3.9
238,11,13.0
238,29,1.71
238,38,54.0
238,36,95.0
238,41,210.0
238,60,1.33
238,57,0.23
238,58,0.6
238,27,0.242
238,27,0.175
238,27,0.571
239,43,11.3
239,27,11.6
239,12,30.4
239,16,271.0
239,59,45.0
239,30,2.7
239,11,118.0
239,29,2.28
239,38,35.0
239,36,171.0
239,41,297.0
239,60,1.26
239,46,106.0
239,57,1.38
239,56,1.2
239,55,0.1
239,58,7.1
239,27,3.2
239,27,3.72
239,27,3.02
240,43,10.7
240,27,2.15
240,12,43.9
240,16,238.0
240,59,39.6
240,30,9.2
240,11,684.0
240,29,4.89
240,38,26.0
240,36,127.0
240,41,450.0
240,60,0.95
240,57,0.38
240,58,7.7
240,27,0.63
240,27,0.393
240,27,0.973
241,43,6.78
241,27,8.39
241,12,46.7
241,16,289.0
241,59,36.5
241,30,4.1
241,11,136.0
241,29,6.12
241,38,62.0
241,36,156.0
241,41,529.0
241,60,1.11
241,46,140.0
241,57,1.34
241,58,8.2
241,27,1.35
241,27,2.8
241,27,3.28
242,43,5.54
242,27,6.75
242,12,38.6
242,16,232.0
242,59,47.2
242,30,2.3
242,11,78.0
242,29,5.82
242,38,32.0
242,36,123.0
242,41,447.0
242,60,0.61
242,46,417.0
242,57,0.65
242,55,0.2
242,58,6.4
242,27,1.15
242,27,1.53
242,27,3.78
243,43,5.95
243,27,1.7
243,12,29.9
243,16,148.0
243,59,61.4
243,30,3.9
243,11,13.0
243,29,1.71
243,38,54.0
243,36,95.0
243,41,235.0
243,60,1.33
243,57,0.23
243,58,0.6
243,27,0.242
243,27,0.175
243,27,0.571
244,43,10.2
244,27,1.53
244,12,48.9
244,16,250.0
244,59,37.6
244,30,4.1
244,11,105.0
244,29,2.76
244,38,51.0
244,36,165.0
244,41,439.0
244,60,1.1
244,57,0.32
244,58,1.5
244,27,0.29
244,27,0.936
245,43,6.01
245,27,18.1
245,12,47.3
245,16,374.0
245,59,26.6
245,30,1.2
245,11,146.0
245,29,2.07
245,38,25.0
245,36,171.0
245,41,302.0
245,60,0.62
245,46,34.0
245,57,2.41
245,56,0.5
245,55,1.3
245,58,12.0
245,27,2.65
245,27,6.08
245,27,7.91
246,43,11.1
246,27,7.28
246,12,50.2
246,16,311.0
246,59,29.2
246,30,5.2
246,11,64.0
246,29,1.88
246,38,74.0
246,36,201.0
246,41,508.0
246,60,1.35
246,46,2.0
246,57,1.44
246,58,3.6
246,27,3.16
246,27,2.12
246,27,1.37
247,43,5.05
247,27,13.1
247,12,42.6
247,16,306.0
247,59,37.4
247,30,0.9
247,11,137.0
247,29,1.93
247,38,16.0
247,36,164.0
247,41,290.0
247,60,0.48
247,46,34.0
247,57,2.28
247,56,0.5
247,55,3.0
247,58,12.3
247,27,2.17
247,27,5.23
247,27,4.61
248,43,6.84
248,27,24.9
248,12,39.2
248,16,409.0
248,59,28.0
248,30,3.5
248,11,16.0
248,29,2.55
248,38,43.0
248,36,134.0
248,41,170.0
248,60,1.04
248,57,4.73
248,58,24.5
248,27,3.34
248,27,10.2
248,27,9.57
249,43,4.97
249,27,12.9
249,12,43.2
249,16,305.0
249,59,37.1
249,30,1.4
249,11,137.0
249,29,2.15
249,38,18.0
249,36,153.0
249,41,285.0
249,60,0.45
249,46,209.0
249,57,2.47
249,56,0.5
249,55,0.8
249,58,15.0
249,27,2.15
249,27,5.15
249,27,4.52
250,43,8.5
250,27,3.3
250,12,48.3
250,16,259.0
250,59,37.3
250,30,5.8
250,11,73.0
250,29,2.83
250,38,40.0
250,36,166.0
250,41,570.0
250,60,1.14
250,57,0.33
250,55,0.4
250,58,1.2
250,27,0.626
250,27,1.31
250,27,0.799
251,43,9.67
251,27,3.26
251,12,48.0
251,16,259.0
251,59,37.1
251,30,1.8
251,11,38.0
251,29,3.48
251,38,27.0
251,36,161.0
251,41,532.0
251,60,0.8
251,46,48.0
251,57,0.38
251,56,0.2
251,55,3.9
251,58,4.0
251,27,1.09
251,27,0.756
251,27,0.762
252,43,9.43
252,27,3.59
252,12,49.2
252,16,267.0
252,59,35.7
252,30,2.3
252,11,211.0
252,29,3.36
252,38,27.0
252,36,117.0
252,41,450.0
252,60,0.88
252,57,0.22
252,58,0.2
252,27,0.821
252,27,0.717
252,27,1.87
253,43,3.14
253,27,8.51
253,12,21.7
253,16,177.0
253,59,64.9
253,30,0.9
253,11,30.0
253,29,1.09
253,38,12.0
253,36,72.0
253,41,471.0
253,60,0.26
253,46,77.0
253,57,0.95
253,56,0.4
253,58,9.0
253,27,1.66
253,27,4.06
253,27,2.48
254,43,10.7
254,27,4.53
254,12,47.5
254,16,274.0
254,59,35.2
254,30,4.0
254,11,125.0
254,29,3.6
254,38,41.0
254,36,141.0
254,41,450.0
254,60,1.04
254,57,0.19
254,55,0.2
254,58,4.9
254,27,0.697
254,27,0.612
254,27,1.62
255,43,8.7
255,27,3.1
255,12,47.5
255,16,250.0
255,59,37.9
255,30,6.5
255,11,68.0
255,29,2.87
255,38,54.0
255,36,208.0
255,41,596.0
255,60,1.48
255,57,0.42
255,58,0.8
255,27,0.437
255,27,0.932
255,27,1.24
256,43,5.12
256,27,2.25
256,12,17.2
256,16,112.0
256,59,74.3
256,30,0.6
256,11,15.0
256,29,1.77
256,38,9.0
256,36,85.0
256,41,316.0
256,60,0.78
256,46,208.0
256,57,0.39
256,55,5.4
256,58,2.8
256,27,0.403
256,27,0.784
256,27,0.702
257,43,1.98
257,27,3.29
257,12,17.6
257,16,110.0
257,59,75.4
257,30,0.6
257,11,19.0
257,29,0.92
257,38,8.0
257,36,59.0
257,41,600.0
257,60,0.26
257,46,31.0
257,57,0.39
257,56,0.1
257,55,0.5
257,58,5.9
257,27,0.663
257,27,1.5
257,27,0.984
258,43,10.0
258,27,5.0
258,12,82.6
258,16,416.0
258,59,0.11
258,38,156.0
258,36,243.0
258,41,233.0
258,60,2.2
258,57,1.26
258,58,2.1
258,27,3.02
258,27,1.64
259,43,5.91
259,27,1.11
259,12,72.3
259,16,323.0
259,59,19.6
259,30,0.5
259,11,7.0
259,29,0.27
259,38,20.0
259,36,64.0
259,41,314.0
259,60,1.02
259,57,0.09
259,27,0.328
259,27,0.376
259,27,0.322
260,43,3.29
260,27,3.03
260,12,24.1
260,16,137.0
260,59,68.3
260,30,0.4
260,11,29.0
260,29,0.74
260,38,11.0
260,36,56.0
260,41,414.0
260,60,0.33
260,46,1.0
260,57,0.51
260,55,1.0
260,58,2.8
260,27,0.444
260,27,1.22
260,27,1.12
261,43,7.1
261,27,4.3
261,12,81.1
261,16,392.0
261,59,5.8
261,30,4.2
261,11,11.0
261,29,1.49
261,38,131.0
261,36,428.0
261,41,71.0
261,60,3.0
261,57,1.24
261,58,1.9
261,27,0.875
261,27,1.58
261,27,1.52
262,43,8.2
262,27,2.8
262,12,81.5
262,16,384.0
262,59,5.8
262,30,4.2
262,11,11.0
262,29,1.49
262,38,131.0
262,36,290.0
262,41,326.0
262,60,3.0
262,57,6.54
262,58,6.5
262,27,0.642
262,27,1.03
262,27,0.98
263,43,17.7
263,27,7.94
263,12,8.86
263,16,181.0
263,59,63.3
263,30,0.2
263,11,18.0
263,29,1.34
263,38,21.0
263,36,216.0
263,41,522.0
263,60,2.54
263,46,4.0
263,57,0.21
263,56,0.4
263,27,2.58
263,27,3.61
263,27,1.02
264,43,4.31
264,27,5.24
264,12,45.8
264,16,248.0
264,59,43.0
264,30,4.3
264,11,138.0
264,29,2.63
264,38,12.0
264,36,75.0
264,41,447.0
264,60,0.48
264,57,0.6
264,58,0.3
264,27,0.977
264,27,2.01
264,27,0.516
265,43,1.17
265,27,0.09
265,12,15.3
265,16,69.0
265,59,83.1
265,30,0.1
265,11,4.0
265,29,5.01
265,38,5.0
265,36,25.0
265,41,69.0
265,60,0.22
265,57,0.02
265,27,0.025
265,27,0.029
265,27,0.025
266,43,8.16
266,27,3.43
266,12,6.55
266,16,89.0
266,59,80.5
266,30,0.9
266,11,26.0
266,29,0.64
266,38,15.0
266,36,176.0
266,41,400.0
266,60,0.75
266,46,10.0
266,57,0.59
266,56,0.1
266,55,4.5
266,58,5.2
266,27,0.764
266,27,1.37
266,27,0.793
267,43,8.54
267,27,3.68
267,12,4.03
267,16,83.0
267,59,82.3
267,30,0.9
267,11,28.0
267,29,0.56
267,38,15.0
267,36,186.0
267,41,433.0
267,60,0.76
267,46,11.0
267,57,0.63
267,56,0.1
267,55,4.9
267,58,5.6
267,27,0.818
267,27,1.48
267,27,0.849
268,43,3.23
268,27,2.15
268,12,18.4
268,16,108.0
268,59,75.2
268,30,0.3
268,11,95.0
268,29,0.11
268,38,8.0
268,36,125.0
268,41,97.0
268,60,0.43
268,46,19.0
268,57,0.07
268,55,1.3
268,58,0.2
268,27,1.21
268,27,0.556
268,27,0.129
269,43,5.76
269,27,0.92
269,12,30.7
269,16,157.0
269,59,61.8
269,30,1.8
269,11,7.0
269,29,1.27
269,38,18.0
269,36,44.0
269,41,232.0
269,60,0.51
269,57,0.06
269,27,0.175
269,27,0.13
269,27,0.324
270,43,2.47
270,27,2.21
270,12,14.4
270,16,87.0
270,59,79.7
270,30,0.4
270,11,6.0
270,29,0.41
270,38,7.0
270,36,21.0
270,41,174.0
270,60,0.21
270,46,19.0
270,57,0.27
270,56,0.1
270,55,0.4
270,58,2.2
270,27,0.436
270,27,0.993
270,27,0.719
271,43,4.52
271,27,0.11
271,12,26.6
271,16,128.0
271,59,68.2
271,30,4.3
271,11,11.0
271,29,0.49
271,38,19.0
271,36,31.0
271,41,99.0
271,60,0.44
271,46,5.0
271,57,0.21
271,58,0.3
271,27,0.016
271,27,0.012
271,27,0.044
272,43,3.2
272,27,1.0
272,12,38.0
272,16,179.0
272,59,57.7
272,30,1.4
272,11,2.0
272,29,0.22
272,38,11.0
272,36,24.0
272,41,4.0
272,60,0.27
272,46,4.0
272,27,0.15
272,27,0.259
272,27,0.329
273,43,5.86
273,27,2.58
273,12,19.2
273,16,125.0
273,59,71.5
273,30,1.6
273,11,16.0
273,29,1.19
273,38,18.0
273,36,175.0
273,41,199.0
273,60,0.9
273,46,13.0
273,57,0.98
273,55,0.8
273,58,5.6
273,27,0.74
273,27,0.892
273,27,0.411
274,43,20.7
274,27,52.7
274,12,21.1
274,16,641.0
274,59,1.74
274,30,9.6
274,11,263.0
274,29,4.08
274,38,266.0
274,36,741.0
274,41,232.0
274,60,3.16
274,57,16.6
274,27,4.22
274,27,34.5
274,27,12.5
275,43,15.7
275,27,13.2
275,12,4.46
275,16,195.0
275,59,65.5
275,30,1.2
275,11,36.0
275,29,0.82
275,38,37.0
275,36,243.0
275,41,330.0
275,60,1.14
275,46,19.0
275,57,3.15
275,55,11.8
275,58,13.7
275,27,1.92
275,27,6.37
275,27,3.78
276,27,100.0
276,16,884.0
276,57,39.2
276,58,7.0
276,27,8.2
276,27,69.9
276,27,17.4
277,43,9.0
277,27,27.7
277,12,47.8
277,16,458.0
277,59,14.1
277,30,4.8
277,11,172.0
277,29,1.6
277,38,130.0
277,36,314.0
277,41,9.0
277,60,1.48
277,57,13.5
277,55,0.1
277,27,2.63
277,27,18.0
277,27,5.82
278,43,20.1
278,27,53.3
278,12,20.1
278,16,599.0
278,59,2.31
278,30,10.4
278,11,257.0
278,29,3.58
278,38,267.0
278,36,683.0
278,41,500.0
278,60,3.17
278,57,23.4
278,58,3.0
278,27,4.31
278,27,32.9
278,27,13.5
279,43,21.0
279,27,52.5
279,12,21.0
279,16,598.0
279,59,2.41
279,30,10.9
279,11,268.0
279,29,3.73
279,38,279.0
279,36,713.0
279,41,3.0
279,60,3.31
279,57,23.9
279,27,4.09
279,27,33.1
279,27,13.0
280,43,20.1
280,27,53.4
280,12,20.2
280,16,601.0
280,59,2.32
280,30,10.5
280,11,258.0
280,29,3.59
280,38,268.0
280,36,685.0
280,41,386.0
280,60,3.18
280,57,23.5
280,58,3.0
280,27,4.33
280,27,33.0
280,27,13.6
281,43,21.4
281,27,51.1
281,12,20.0
281,16,626.0
281,59,4.26
281,30,10.8
281,11,254.0
281,29,3.74
281,38,258.0
281,36,733.0
281,60,2.86
281,57,25.6
281,27,3.78
281,27,31.3
281,27,11.2
282,43,20.3
282,27,54.0
282,12,20.4
282,16,607.0
282,59,2.34
282,30,10.6
282,11,260.0
282,29,3.62
282,38,271.0
282,36,692.0
282,41,3.0
282,60,3.21
282,57,23.8
282,58,3.0
282,27,4.37
282,27,33.4
282,27,13.7
283,43,5.37
283,27,26.2
283,12,63.8
283,16,514.0
283,59,3.6
283,30,1.3
283,11,13.0
283,29,2.98
283,38,14.0
283,36,88.0
283,41,353.0
283,60,0.49
283,57,2.44
283,58,11.0
283,27,8.1
283,27,6.71
283,27,8.33
284,43,14.1
284,27,45.3
284,12,35.8
284,16,579.0
284,59,1.63
284,30,7.3
284,11,181.0
284,29,2.54
284,38,188.0
284,36,481.0
284,41,385.0
284,60,2.23
284,57,18.0
284,58,9.9
284,27,4.08
284,27,26.5
284,27,12.5
285,43,0.57
285,27,1.2
285,12,7.44
285,16,43.0
285,59,90.3
285,30,0.1
285,11,161.0
285,29,0.31
285,38,8.0
285,36,33.0
285,41,56.0
285,60,0.18
285,46,38.0
285,57,3.08
285,56,0.8
285,57,3.08
285,27,0.121
285,27,0.69
285,27,0.257
286,43,0.54
286,27,1.21
286,12,1.53
286,16,20.0
286,59,96.2
286,11,171.0
286,29,0.29
286,38,7.0
286,36,31.0
286,41,59.0
286,60,0.17
286,46,41.0
286,57,3.28
286,56,0.9
286,57,3.28
286,27,0.103
286,27,0.72
286,27,0.273
287,43,0.53
287,27,1.18
287,12,4.31
287,16,30.0
287,59,93.5
287,11,166.0
287,29,0.28
287,38,7.0
287,36,30.0
287,41,58.0
287,60,0.16
287,46,39.0
287,57,3.19
287,56,0.9
287,57,3.19
287,27,0.1
287,27,0.7
287,27,0.265
288,43,0.55
288,27,1.22
288,12,0.34
288,16,15.0
288,59,97.4
288,11,173.0
288,29,0.29
288,38,7.0
288,36,31.0
288,41,60.0
288,60,0.17
288,46,41.0
288,57,3.32
288,56,0.9
288,57,3.32
288,27,0.104
288,27,0.729
288,27,0.276
289,43,20.2
289,27,53.7
289,12,20.3
289,16,604.0
289,59,2.33
289,30,10.5
289,11,259.0
289,29,3.6
289,38,269.0
289,36,688.0
289,41,195.0
289,60,3.2
289,57,23.6
289,58,3.0
289,27,4.35
289,27,33.2
289,27,13.6
290,43,0.76
290,27,0.34
290,12,12.5
290,16,52.0
290,59,86.1
290,30,4.1
290,11,17.0
290,29,0.55
290,38,14.0
290,36,124.0
290,41,1.0
290,60,0.17
290,46,3.0
290,57,0.7
290,55,17.4
290,58,11.6
290,27,0.023
290,27,0.053
290,27,0.238
291,43,0.66
291,27,0.25
291,12,9.94
291,16,44.0
291,59,88.8
291,30,2.0
291,11,16.0
291,29,0.28
291,38,11.0
291,36,138.0
291,60,0.1
291,46,2.0
291,57,0.37
291,55,44.2
291,58,7.3
291,27,0.008
291,27,0.014
291,27,0.044
292,43,3.16
292,27,15.4
292,12,39.5
292,16,306.0
292,59,41.0
292,30,3.6
292,11,23.0
292,29,1.49
292,38,17.0
292,36,110.0
292,41,217.0
292,60,0.32
292,46,42.0
292,57,1.1
292,56,0.1
292,55,1.4
292,58,14.2
292,27,5.34
292,27,6.44
292,27,2.13
293,43,2.66
293,27,8.86
293,12,36.2
293,16,231.0
293,59,51.4
293,30,4.0
293,11,24.0
293,29,1.32
293,38,18.0
293,36,118.0
293,41,179.0
293,60,0.3
293,46,4.0
293,57,0.86
293,55,1.9
293,58,14.2
293,27,2.79
293,27,4.09
293,27,1.22
294,43,3.41
294,27,9.78
294,12,32.8
294,16,228.0
294,59,52.9
294,30,5.0
294,11,30.0
294,29,1.34
294,38,41.0
294,36,158.0
294,41,119.0
294,60,0.88
294,46,79.0
294,57,0.78
294,55,1.9
294,58,12.9
294,27,4.78
294,27,2.1
294,27,0.856
295,43,2.43
295,27,14.2
295,12,39.2
295,16,291.0
295,59,43.2
295,30,2.7
295,11,21.0
295,29,0.56
295,38,15.0
295,36,98.0
295,41,131.0
295,60,0.28
295,46,129.0
295,57,0.55
295,56,0.1
295,55,1.4
295,58,10.4
295,27,7.61
295,27,2.84
295,27,0.608
296,43,0.7
296,27,0.31
296,12,14.6
296,16,64.0
296,59,84.2
296,30,2.4
296,11,12.0
296,29,0.34
296,38,6.0
296,36,86.0
296,60,0.09
296,46,3.0
296,57,0.57
296,55,8.1
296,58,19.3
296,27,0.028
296,27,0.047
296,27,0.146
297,43,0.42
297,27,0.64
297,12,12.2
297,16,51.0
297,59,86.6
297,30,2.7
297,11,8.0
297,29,0.18
297,38,5.0
297,36,54.0
297,41,1.0
297,60,0.07
297,46,2.0
297,57,0.48
297,55,2.5
297,58,16.4
297,27,0.053
297,27,0.091
297,27,0.279
298,43,2.5
298,27,2.5
298,12,80.0
298,16,317.0
298,59,14.8
298,30,7.5
298,11,19.0
298,29,0.9
298,38,18.0
298,36,214.0
298,41,3.0
298,60,0.49
298,46,7.0
298,57,2.35
298,55,23.8
298,58,59.4
298,27,0.2
298,27,0.405
298,27,1.3
299,43,0.56
299,27,0.26
299,12,23.5
299,16,92.0
299,59,75.4
299,30,1.7
299,11,13.0
299,29,0.49
299,38,8.0
299,36,86.0
299,41,4.0
299,60,0.09
299,46,1.0
299,57,0.19
299,55,31.7
299,58,1.5
299,27,0.014
299,27,0.036
299,27,0.129
300,43,0.43
300,27,0.11
300,12,9.13
300,16,35.0
300,59,90.0
300,30,2.1
300,11,16.0
300,29,0.75
300,38,11.0
300,36,148.0
300,41,2.0
300,60,0.13
300,46,2.0
300,57,0.29
300,55,41.2
300,58,2.2
300,27,0.006
300,27,0.015
300,27,0.054
301,43,2.88
301,27,11.6
301,12,44.2
301,16,289.0
301,59,40.6
301,30,2.2
301,11,15.0
301,29,1.37
301,38,11.0
301,36,89.0
301,41,189.0
301,60,0.25
301,57,0.31
301,55,15.8
301,58,3.9
301,27,3.72
301,27,5.44
301,27,1.49
302,43,26.7
302,27,6.33
302,16,164.0
302,59,65.8
302,11,15.0
302,29,0.73
302,38,23.0
302,36,278.0
302,41,499.0
302,60,1.6
302,46,8.0
302,57,0.41
302,27,1.57
302,27,2.7
302,27,0.933
303,43,7.15
303,27,2.38
303,12,13.6
303,16,104.0
303,59,75.9
303,30,1.1
303,11,34.0
303,29,0.84
303,38,19.0
303,36,256.0
303,41,161.0
303,60,0.63
303,46,19.0
303,57,0.3
303,56,0.1
303,55,6.2
303,58,5.5
303,27,0.907
303,27,0.773
303,27,0.254
304,43,3.44
304,27,1.14
304,12,4.04
304,16,40.0
304,59,90.5
304,30,0.8
304,11,11.0
304,29,0.23
304,38,12.0
304,36,151.0
304,41,249.0
304,60,0.27
304,46,33.0
304,57,0.21
304,55,6.8
304,58,13.6
304,27,0.268
304,27,0.439
304,27,0.305
305,43,19.4
305,27,14.6
305,12,0.2
305,16,215.0
305,59,65.8
305,11,88.0
305,29,0.91
305,38,5.0
305,36,31.0
305,41,67.0
305,60,0.69
305,46,30.0
305,57,0.27
305,56,0.2
305,58,0.2
305,27,3.92
305,27,5.5
305,27,2.98
306,43,20.2
306,27,40.3
306,16,450.0
306,59,40.0
306,11,14.0
306,29,1.5
306,38,15.0
306,36,135.0
306,41,387.0
306,60,1.22
306,46,77.0
306,57,0.4
306,56,0.2
306,58,2.4
306,27,11.3
306,27,16.9
306,27,8.5
307,43,25.7
307,27,20.8
307,16,298.0
307,59,53.1
307,11,21.0
307,29,1.41
307,38,20.0
307,36,208.0
307,41,409.0
307,60,2.23
307,46,104.0
307,57,0.27
307,56,0.1
307,58,4.9
307,27,5.77
307,27,8.22
307,27,4.58
308,43,27.1
308,27,10.3
308,16,201.0
308,59,61.6
308,11,28.0
308,29,1.51
308,38,30.0
308,36,292.0
308,41,400.0
308,60,3.08
308,46,24.0
308,57,0.11
308,56,0.2
308,27,2.65
308,27,3.43
308,27,2.89
309,43,20.4
309,27,40.7
309,16,454.0
309,59,40.3
309,11,14.0
309,29,1.51
309,38,15.0
309,36,136.0
309,41,65.0
309,60,1.23
309,46,78.0
309,57,0.4
309,56,0.2
309,58,2.4
309,27,11.4
309,27,17.0
309,27,8.57
310,43,19.0
310,27,4.64
310,12,12.2
310,16,167.0
310,59,62.6
310,30,0.3
310,11,20.0
310,29,0.7
310,38,20.0
310,36,265.0
310,41,550.0
310,60,1.18
310,46,9.0
310,57,0.53
310,55,0.2
310,58,0.5
310,27,1.12
310,27,1.92
310,27,0.686
311,43,13.8
311,27,8.21
311,12,9.38
311,16,167.0
311,59,67.3
311,30,0.4
311,11,17.0
311,29,1.04
311,38,15.0
311,36,152.0
311,41,458.0
311,60,0.94
311,46,73.0
311,57,0.78
311,56,0.6
311,58,4.4
311,27,1.91
311,27,3.57
311,27,1.91
312,43,6.48
312,27,6.48
312,12,6.54
312,16,107.0
312,59,79.0
312,30,1.4
312,11,20.0
312,29,0.71
312,38,18.0
312,36,280.0
312,41,376.0
312,60,0.52
312,46,48.0
312,57,1.44
312,55,8.9
312,58,8.7
312,27,1.56
312,27,2.42
312,27,1.91
313,43,21.3
313,27,19.2
313,12,5.45
313,16,280.0
313,59,51.6
313,30,0.1
313,11,43.0
313,29,0.66
313,38,24.0
313,36,257.0
313,41,644.0
313,60,0.84
313,46,83.0
313,57,0.43
313,56,0.1
313,58,0.7
313,27,7.42
313,27,7.07
313,27,2.11
314,43,18.9
314,27,5.21
314,12,1.58
314,16,129.0
314,59,73.0
314,11,13.0
314,29,0.54
314,38,17.0
314,36,207.0
314,41,526.0
314,60,1.14
314,46,6.0
314,57,0.32
314,58,0.2
314,27,1.29
314,27,2.19
314,27,0.775
315,43,14.1
315,27,3.71
315,12,2.41
315,16,100.0
315,59,78.9
315,30,0.5
315,11,10.0
315,29,0.67
315,38,18.0
315,36,218.0
315,41,359.0
315,60,0.76
315,46,16.0
315,57,0.53
315,55,5.9
315,58,3.2
315,27,1.06
315,27,1.51
315,27,0.816
316,43,12.5
316,27,16.4
316,12,25.8
316,16,304.0
316,59,44.0
316,30,1.8
316,11,107.0
316,29,2.11
316,38,20.0
316,36,147.0
316,41,414.0
316,60,0.79
316,46,12.0
316,57,1.81
316,58,14.0
316,27,4.02
316,27,5.82
316,27,5.13
317,43,12.6
317,27,16.5
317,12,27.4
317,16,309.0
317,59,42.2
317,30,1.6
317,11,46.0
317,29,1.53
317,38,20.0
317,36,185.0
317,41,460.0
317,60,0.85
317,46,14.0
317,57,0.34
317,55,1.3
317,58,4.8
317,27,5.63
317,27,7.29
317,27,2.12
318,43,10.0
318,27,9.02
318,12,14.6
318,16,178.0
318,59,64.4
318,30,2.3
318,11,116.0
318,29,0.86
318,38,34.0
318,36,190.0
318,41,459.0
318,60,1.14
318,46,37.0
318,57,0.83
318,55,0.2
318,58,4.6
318,27,3.22
318,27,2.75
318,27,1.92
319,43,11.3
319,27,9.8
319,12,18.0
319,16,206.0
319,59,59.4
319,30,1.5
319,11,55.0
319,29,1.47
319,38,18.0
319,36,188.0
319,41,451.0
319,60,0.73
319,46,21.0
319,57,1.35
319,55,23.9
319,58,9.0
319,27,2.14
319,27,3.63
319,27,3.06
320,43,18.5
320,27,6.0
320,12,4.19
320,16,148.0
320,59,69.9
320,30,0.8
320,11,20.0
320,29,1.84
320,38,23.0
320,36,368.0
320,41,369.0
320,60,4.52
320,46,1.0
320,57,0.62
320,56,0.1
320,55,2.0
320,58,6.1
320,27,1.77
320,27,2.49
320,27,0.933
321,43,17.5
321,27,11.0
321,12,7.2
321,16,202.0
321,59,62.4
321,30,0.4
321,11,65.0
321,29,2.05
321,38,19.0
321,36,273.0
321,41,416.0
321,60,3.82
321,46,22.0
321,57,0.17
321,56,0.3
321,55,0.6
321,58,1.1
321,27,4.14
321,27,4.63
321,27,0.614
322,43,7.66
322,27,17.3
322,12,11.9
322,16,235.0
322,59,60.3
322,30,0.2
322,11,12.0
322,29,0.79
322,38,8.0
322,36,110.0
322,41,1010.0
322,60,1.02
322,46,26.0
322,57,1.74
322,56,0.6
322,58,1.6
322,27,5.98
322,27,7.58
322,27,2.56
323,43,5.44
323,27,3.7
323,12,15.9
323,16,119.0
323,59,73.0
323,30,4.9
323,11,26.0
323,29,1.6
323,38,40.0
323,36,368.0
323,41,443.0
323,60,0.69
323,57,0.91
323,55,0.6
323,58,1.7
323,27,0.529
323,27,0.859
323,27,1.96
324,43,14.6
324,27,21.6
324,12,53.1
324,16,448.0
324,59,7.64
324,30,9.7
324,11,36.0
324,29,4.01
324,38,96.0
324,36,547.0
324,41,410.0
324,60,2.54
324,46,1.0
324,57,4.97
324,55,1.7
324,58,3.1
324,27,2.96
324,27,5.88
324,27,11.3
325,43,3.76
325,27,0.76
325,12,11.6
325,16,67.0
325,59,82.6
325,30,4.0
325,11,20.0
325,29,0.87
325,38,31.0
325,36,197.0
325,41,244.0
325,60,0.49
325,46,52.0
325,57,0.5
325,55,1.4
325,58,4.7
325,27,0.132
325,27,0.233
325,27,0.296
326,43,3.52
326,27,5.0
326,12,13.0
326,16,109.0
326,59,77.2
326,30,3.4
326,11,27.0
326,29,1.32
326,38,23.0
326,36,210.0
326,41,266.0
326,60,0.5
326,46,5.0
326,57,0.54
326,55,9.1
326,58,27.2
326,27,0.712
326,27,1.28
326,27,2.55
327,43,4.52
327,27,0.89
327,12,21.6
327,16,105.0
327,59,71.5
327,30,4.4
327,11,39.0
327,29,1.4
327,38,30.0
327,36,231.0
327,41,391.0
327,60,0.51
327,46,1.0
327,57,0.04
327,58,0.4
327,27,0.231
327,27,0.222
327,27,0.4
328,43,4.98
328,27,2.01
328,12,13.6
328,16,90.0
328,59,77.8
328,30,3.7
328,11,29.0
328,29,1.44
328,38,35.0
328,36,319.0
328,41,370.0
328,60,0.58
328,57,0.09
328,55,5.7
328,58,2.1
328,27,0.631
328,27,0.601
328,27,0.543
329,43,5.8
329,27,21.4
329,12,49.9
329,16,414.0
329,59,22.0
329,30,3.0
329,11,15.0
329,29,2.58
329,38,21.0
329,36,160.0
329,41,186.0
329,60,0.53
329,57,3.97
329,55,0.3
329,58,23.4
329,27,2.84
329,27,8.83
329,27,8.18
330,43,6.74
330,27,5.22
330,12,17.3
330,16,138.0
330,59,69.1
330,30,3.3
330,11,33.0
330,29,1.36
330,38,25.0
330,36,224.0
330,41,438.0
330,60,0.9
330,46,1.0
330,57,0.08
330,56,0.1
330,58,0.4
330,27,2.08
330,27,2.33
330,27,0.543
331,43,8.34
331,27,7.08
331,12,23.8
331,16,189.0
331,59,59.2
331,30,8.3
331,11,39.0
331,29,1.96
331,38,51.0
331,36,386.0
331,41,217.0
331,60,0.94
331,57,2.09
331,55,0.5
331,58,9.7
331,27,0.997
331,27,2.86
331,27,2.72
332,43,7.36
332,27,13.8
332,12,26.8
332,16,260.0
332,59,50.0
332,30,4.4
332,11,94.0
332,29,2.19
332,38,36.0
332,36,222.0
332,41,409.0
332,60,0.77
332,46,9.0
332,57,1.99
332,55,0.2
332,58,13.2
332,27,3.16
332,27,4.9
332,27,4.53
333,43,5.83
333,27,11.8
333,12,20.2
333,16,207.0
333,59,60.2
333,30,2.9
333,11,92.0
333,29,2.05
333,38,34.0
333,36,214.0
333,41,365.0
333,60,0.87
333,46,19.0
333,57,1.3
333,55,0.4
333,58,8.1
333,27,3.14
333,27,4.23
333,27,3.37
334,43,4.62
334,27,11.4
334,12,23.3
334,16,210.0
334,59,58.8
334,30,2.5
334,11,66.0
334,29,1.06
334,38,33.0
334,36,155.0
334,41,434.0
334,60,0.69
334,46,9.0
334,57,1.73
334,55,0.3
334,58,10.3
334,27,2.24
334,27,3.72
334,27,4.46
335,43,4.52
335,27,0.89
335,12,21.6
335,16,105.0
335,59,71.5
335,30,4.4
335,11,39.0
335,29,1.4
335,38,30.0
335,36,231.0
335,41,391.0
335,60,0.51
335,46,1.0
335,57,0.04
335,58,0.4
335,27,0.231
335,27,0.222
335,27,0.4
336,43,5.59
336,27,9.01
336,12,31.5
336,16,229.0
336,59,52.2
336,30,5.8
336,11,51.0
336,29,1.46
336,38,54.0
336,36,305.0
336,41,305.0
336,60,0.94
336,46,10.0
336,57,0.36
336,56,0.7
336,55,0.1
336,58,7.4
336,27,2.19
336,27,2.95
336,27,2.88
337,43,1.97
337,27,0.28
337,12,7.41
337,16,40.0
337,59,89.7
337,30,3.0
337,11,40.0
337,29,0.65
337,38,28.0
337,36,290.0
337,60,0.35
337,46,35.0
337,57,0.41
337,55,12.2
337,58,43.9
337,27,0.05
337,27,0.01
337,27,0.113
338,43,7.25
338,27,6.86
338,12,19.4
338,16,165.0
338,59,64.9
338,30,6.5
338,11,16.0
338,29,2.23
338,38,40.0
338,36,472.0
338,41,218.0
338,60,0.88
338,57,1.4
338,58,8.4
338,27,0.952
338,27,2.79
338,27,2.66
339,43,6.22
339,27,0.47
339,12,50.0
339,16,226.0
339,59,42.2
339,30,5.3
339,11,21.0
339,29,2.13
339,38,32.0
339,36,290.0
339,41,124.0
339,60,0.77
339,57,0.02
339,55,0.9
339,58,6.0
339,27,0.052
339,27,0.028
339,27,0.197
340,43,10.2
340,27,2.08
340,12,10.2
340,16,99.0
340,59,76.2
340,30,3.0
340,11,18.0
340,29,1.49
340,38,26.0
340,36,282.0
340,41,341.0
340,60,0.78
340,46,13.0
340,57,0.48
340,55,6.3
340,58,5.1
340,27,0.563
340,27,0.778
340,27,0.528
341,43,5.88
341,27,2.35
341,12,10.0
341,16,84.0
341,59,80.6
341,30,3.5
341,11,19.0
341,29,1.01
341,38,29.0
341,36,199.0
341,41,248.0
341,60,1.05
341,46,42.0
341,57,0.46
341,55,1.1
341,58,4.1
341,27,0.756
341,27,0.957
341,27,0.336
342,43,1.96
342,27,2.21
342,12,7.05
342,16,56.0
342,59,87.5
342,30,1.9
342,11,42.0
342,29,0.43
342,38,18.0
342,36,203.0
342,41,316.0
342,60,0.28
342,46,26.0
342,57,0.4
342,56,0.2
342,55,5.8
342,58,31.3
342,27,0.505
342,27,0.474
342,27,1.06
343,43,7.49
343,27,4.24
343,12,23.5
343,16,162.0
343,59,63.3
343,30,4.4
343,11,25.0
343,29,1.64
343,38,33.0
343,36,240.0
343,41,263.0
343,60,1.11
343,46,1.0
343,57,1.11
343,55,0.3
343,58,5.1
343,27,0.722
343,27,1.74
343,27,1.47
344,43,4.7
344,27,3.46
344,12,21.9
344,16,137.0
344,59,68.4
344,30,3.8
344,11,23.0
344,29,1.46
344,38,28.0
344,36,227.0
344,41,309.0
344,60,0.62
344,46,4.0
344,57,1.22
344,55,1.5
344,58,4.9
344,27,0.498
344,27,1.38
344,27,1.32
345,43,9.8
345,27,4.33
345,12,10.2
345,16,118.0
345,59,74.1
345,30,3.0
345,11,21.0
345,29,1.91
345,38,25.0
345,36,285.0
345,41,340.0
345,60,1.98
345,46,12.0
345,57,0.46
345,55,6.3
345,58,4.6
345,27,1.62
345,27,1.84
345,27,0.282
346,43,6.4
346,27,4.54
346,12,24.3
346,16,162.0
346,59,63.0
346,30,3.9
346,11,53.0
346,29,2.23
346,38,51.0
346,36,345.0
346,41,213.0
346,60,1.02
346,57,1.35
346,58,6.0
346,27,0.652
346,27,1.81
346,27,1.72
347,43,2.44
347,27,0.68
347,12,8.1
347,16,47.0
347,59,87.7
347,30,2.7
347,11,17.0
347,29,0.56
347,38,21.0
347,36,145.0
347,41,264.0
347,60,0.33
347,46,52.0
347,57,0.37
347,55,1.4
347,58,4.2
347,27,0.111
347,27,0.226
347,27,0.261
348,43,6.5
348,27,4.21
348,12,25.2
348,16,164.0
348,59,62.4
348,30,3.7
348,11,54.0
348,29,2.55
348,38,40.0
348,36,327.0
348,41,231.0
348,60,0.96
348,57,1.28
348,58,5.9
348,27,0.603
348,27,1.71
348,27,1.61
349,43,4.75
349,27,0.37
349,12,21.1
349,16,94.0
349,59,72.0
349,30,4.1
349,11,34.0
349,29,1.19
349,38,27.0
349,36,224.0
349,41,343.0
349,60,2.28
349,46,5.0
349,57,0.15
349,58,0.8
349,27,0.071
349,27,0.095
349,27,0.121
350,43,10.6
350,27,6.81
350,12,19.1
350,16,177.0
350,59,61.8
350,30,7.0
350,11,24.0
350,29,1.95
350,38,59.0
350,36,328.0
350,41,275.0
350,60,1.6
350,46,1.0
350,57,1.78
350,56,0.1
350,58,8.4
350,27,1.16
350,27,2.79
350,27,2.4
351,43,8.23
351,27,7.01
351,12,22.0
351,16,181.0
351,59,61.1
351,30,8.1
351,11,25.0
351,29,1.96
351,38,65.0
351,36,330.0
351,41,217.0
351,60,1.04
351,57,2.04
351,58,9.6
351,27,0.999
351,27,2.8
351,27,2.71
352,43,3.68
352,27,5.65
352,12,12.3
352,16,111.0
352,59,76.6
352,30,3.4
352,11,25.0
352,29,1.42
352,38,23.0
352,36,292.0
352,41,383.0
352,60,0.59
352,46,37.0
352,57,1.41
352,55,7.7
352,58,8.6
352,27,1.29
352,27,1.98
352,27,1.91
353,43,0.82
353,27,0.31
353,12,4.04
353,16,20.0
353,59,94.4
353,30,1.2
353,11,10.0
353,29,0.22
353,38,10.0
353,36,226.0
353,41,4.0
353,60,0.15
353,46,32.0
353,57,0.58
353,55,16.3
353,58,7.5
353,27,0.028
353,27,0.031
353,27,0.083
354,43,1.87
354,27,13.1
354,12,8.09
354,16,145.0
354,59,74.7
354,30,6.1
354,11,12.0
354,29,0.52
354,38,27.0
354,36,454.0
354,41,317.0
354,60,0.59
354,46,10.0
354,57,1.89
354,55,10.5
354,58,19.3
354,27,1.9
354,27,8.74
354,27,1.63
355,43,0.65
355,27,0.41
355,12,3.64
355,16,19.0
355,59,94.2
355,30,0.9
355,11,11.0
355,29,0.44
355,38,9.0
355,36,169.0
355,41,244.0
355,60,0.14
355,46,36.0
355,57,0.61
355,55,5.9
355,58,4.1
355,27,0.057
355,27,0.142
355,27,0.158
356,43,2.7
356,27,4.97
356,12,14.1
356,16,110.0
356,59,77.0
356,30,1.9
356,11,37.0
356,29,0.89
356,38,17.0
356,36,253.0
356,41,216.0
356,60,0.36
356,46,72.0
356,57,0.48
356,55,12.2
356,58,8.1
356,27,2.46
356,27,1.0
356,27,0.467
357,43,14.1
357,27,2.97
357,12,55.8
357,16,258.0
357,59,14.6
357,30,12.3
357,11,110.0
357,29,9.09
357,38,194.0
357,36,3430.0
357,41,107.0
357,60,1.99
357,46,44.0
357,57,0.01
357,55,39.2
357,58,43.0
357,27,0.426
357,27,0.487
357,27,1.12
358,43,5.01
358,27,13.2
358,12,44.4
358,16,314.0
358,59,35.5
358,30,1.4
358,11,141.0
358,29,1.89
358,38,15.0
358,36,167.0
358,41,309.0
358,60,0.47
358,46,207.0
358,57,2.4
358,56,0.5
358,55,1.0
358,58,14.3
358,27,2.17
358,27,5.26
358,27,4.64
359,43,1.25
359,27,15.7
359,12,17.6
359,16,212.0
359,59,64.3
359,30,2.6
359,11,30.0
359,29,0.39
359,38,13.0
359,36,283.0
359,41,189.0
359,60,0.23
359,46,521.0
359,57,1.11
359,55,6.1
359,58,42.4
359,27,2.45
359,27,3.49
359,27,9.31
360,43,0.9
360,27,2.78
360,12,17.3
360,16,97.0
360,59,78.0
360,30,2.9
360,11,35.0
360,29,0.2
360,38,12.0
360,36,270.0
360,41,214.0
360,60,0.23
360,46,756.0
360,57,0.61
360,55,4.6
360,58,12.4
360,27,1.39
360,27,0.516
360,27,0.169
361,43,3.89
361,27,11.3
361,12,13.5
361,16,171.0
361,59,70.2
361,30,1.5
361,11,33.0
361,29,0.75
361,38,13.0
361,36,219.0
361,41,219.0
361,60,0.44
361,46,64.0
361,57,1.56
361,56,0.5
361,55,0.5
361,58,8.0
361,27,3.11
361,27,4.08
361,27,3.2
362,43,1.51
362,27,4.71
362,12,10.5
362,16,90.0
362,59,82.1
362,30,1.2
362,11,15.0
362,29,0.34
362,38,13.0
362,36,227.0
362,41,240.0
362,60,0.23
362,46,60.0
362,57,0.2
362,56,0.2
362,55,7.1
362,58,2.3
362,27,2.48
362,27,1.0
362,27,0.336
363,43,4.47
363,27,10.8
363,12,20.6
363,16,196.0
363,59,61.8
363,30,2.2
363,11,22.0
363,29,1.3
363,38,26.0
363,36,448.0
363,41,402.0
363,60,0.53
363,46,29.0
363,57,1.9
363,56,0.4
363,55,15.6
363,58,11.1
363,27,1.76
363,27,4.43
363,27,3.83
364,43,1.99
364,27,3.39
364,12,16.3
364,16,103.0
364,59,77.1
364,30,2.1
364,11,8.0
364,29,0.38
364,38,23.0
364,36,435.0
364,41,147.0
364,60,0.37
364,57,0.6
364,55,15.1
364,58,4.2
364,27,0.443
364,27,1.32
364,27,1.24
365,43,1.87
365,27,4.25
365,12,20.4
365,16,126.0
365,59,72.1
365,30,1.4
365,11,5.0
365,29,0.34
365,38,24.0
365,36,372.0
365,41,166.0
365,60,0.28
365,46,19.0
365,57,0.66
365,55,12.1
365,58,3.7
365,27,1.11
365,27,1.48
365,27,1.23
366,43,0.12
366,27,0.02
366,16,1.0
366,59,99.4
366,11,2.0
366,29,0.01
366,38,3.0
366,36,49.0
366,41,2.0
366,60,0.02
366,57,0.01
366,58,0.1
366,27,0.002
366,27,0.015
366,27,0.001
367,43,0.1
367,27,0.04
367,12,1.3
367,16,6.0
367,59,98.4
367,30,0.4
367,11,4.0
367,29,0.08
367,38,5.0
367,36,41.0
367,41,5.0
367,60,0.01
367,57,0.02
367,27,0.01
367,27,0.006
367,27,0.02
368,43,1.71
368,27,0.99
368,12,2.75
368,16,27.0
368,59,94.1
368,11,65.0
368,29,0.02
368,38,20.0
368,36,100.0
368,41,23.0
368,60,0.23
368,46,42.0
368,57,0.02
368,56,0.6
368,55,0.1
368,58,0.1
368,27,0.575
368,27,0.201
368,27,0.045
369,43,0.11
369,27,0.19
369,12,7.84
369,16,34.0
369,59,91.6
369,11,2.0
369,29,0.12
369,38,75.0
369,36,108.0
369,41,13.0
369,60,0.05
369,57,0.01
369,55,0.2
369,58,0.1
369,27,0.086
369,27,0.086
370,43,0.12
370,27,0.18
370,12,1.67
370,16,9.0
370,59,97.8
370,11,2.0
370,29,0.13
370,38,80.0
370,36,115.0
370,41,14.0
370,60,0.05
370,57,0.01
370,55,0.2
370,58,0.1
370,27,0.092
370,27,0.092
371,43,2.81
371,27,1.61
371,12,4.35
371,16,43.0
371,59,90.6
371,11,105.0
371,29,0.02
371,38,23.0
371,36,152.0
371,41,35.0
371,60,0.37
371,46,69.0
371,57,0.03
371,56,0.9
371,55,0.2
371,58,0.2
371,27,0.938
371,27,0.332
371,27,0.064
372,43,1.18
372,27,0.83
372,12,2.71
372,16,23.0
372,59,94.9
372,11,43.0
372,29,0.09
372,38,58.0
372,36,129.0
372,41,22.0
372,60,0.18
372,46,19.0
372,57,0.02
372,56,0.4
372,55,0.2
372,58,0.1
372,27,0.473
372,27,0.151
372,27,0.085
373,43,0.11
373,27,0.04
373,12,6.47
373,16,27.0
373,59,92.9
373,11,2.0
373,29,0.01
373,38,3.0
373,36,46.0
373,41,2.0
373,60,0.02
373,57,0.01
373,58,0.1
373,27,0.002
373,27,0.014
373,27,0.001
374,43,0.21
374,27,2.38
374,12,2.1
374,16,88.0
374,59,86.7
374,11,5.0
374,29,0.02
374,38,2.0
374,36,40.0
374,41,3.0
374,60,0.04
374,46,22.0
374,57,0.07
374,56,0.1
374,58,0.3
374,27,1.36
374,27,0.497
374,27,0.105
375,43,0.1
375,59,99.3
375,11,2.0
375,29,0.05
375,38,5.0
375,36,54.0
375,41,2.0
375,60,0.02
375,58,0.1
375,27,0.002
375,27,0.002
376,43,0.12
376,27,0.02
376,16,1.0
376,59,99.4
376,11,2.0
376,29,0.01
376,38,3.0
376,36,49.0
376,41,2.0
376,60,0.02
376,57,0.01
376,58,0.1
376,27,0.002
376,27,0.015
376,27,0.001
377,43,1.0
377,27,9.97
377,12,11.4
377,16,136.0
377,59,77.3
377,11,9.0
377,29,0.03
377,36,191.0
377,41,67.0
377,60,0.02
377,46,1.0
377,57,0.81
377,58,2.5
377,27,1.94
377,27,7.55
377,27,0.027
378,43,0.09
378,27,0.02
378,16,1.0
378,59,99.5
378,11,2.0
378,29,0.01
378,38,3.0
378,36,38.0
378,41,2.0
378,60,0.02
378,57,0.01
378,58,0.1
378,27,0.002
378,27,0.011
378,27,0.001
379,43,2.48
379,27,32.9
379,12,59.3
379,16,529.0
379,59,2.98
379,11,2.0
379,29,0.26
379,38,1.0
379,36,669.0
379,41,124.0
379,60,0.07
379,57,1.26
379,58,1.7
379,27,19.1
379,27,9.8
379,27,0.408
380,43,1.56
380,27,0.93
380,12,13.4
380,16,68.0
380,59,83.7
380,11,59.0
380,29,0.03
380,38,18.0
380,36,91.0
380,41,21.0
380,60,0.21
380,46,38.0
380,57,0.02
380,56,0.5
380,55,0.1
380,58,0.1
380,27,0.522
380,27,0.183
380,27,0.041
381,43,0.12
381,27,0.02
381,16,1.0
381,59,99.4
381,11,2.0
381,29,0.01
381,38,3.0
381,36,49.0
381,41,2.0
381,60,0.02
381,57,0.01
381,58,0.1
381,27,0.002
381,27,0.015
381,27,0.001
382,43,1.98
382,27,1.38
382,12,12.6
382,16,71.0
382,59,83.6
382,11,74.0
382,29,0.04
382,38,9.0
382,36,175.0
382,41,26.0
382,60,0.26
382,57,0.01
382,58,0.1
382,27,0.293
382,27,0.038
383,43,2.56
383,27,1.47
383,12,10.2
383,16,64.0
383,59,85.1
383,11,96.0
383,29,0.02
383,38,25.0
383,36,149.0
383,41,46.0
383,60,0.38
383,46,63.0
383,57,0.02
383,56,0.8
383,55,0.2
383,58,0.2
383,27,0.855
383,27,0.303
383,27,0.058
384,43,1.72
384,27,0.99
384,12,2.76
384,16,27.0
384,59,94.1
384,11,65.0
384,29,0.02
384,38,20.0
384,36,100.0
384,41,23.0
384,60,0.23
384,46,42.0
384,57,0.02
384,56,0.6
384,55,0.1
384,58,0.1
384,27,0.577
384,27,0.202
384,27,0.045
385,43,1.75
385,27,0.07
385,12,2.76
385,16,19.0
385,59,95.0
385,11,68.0
385,29,0.02
385,38,20.0
385,36,104.0
385,41,24.0
385,60,0.24
385,46,32.0
385,56,0.6
385,27,0.04
385,27,0.009
385,27,0.019
386,43,0.1
386,27,0.18
386,12,1.69
386,16,9.0
386,59,97.8
386,11,2.0
386,29,0.13
386,38,80.0
386,36,115.0
386,41,14.0
386,60,0.05
386,55,0.2
386,58,0.1
386,27,0.092
386,27,0.092
387,43,1.75
387,27,1.01
387,12,2.81
387,16,27.0
387,59,94.0
387,11,66.0
387,29,0.02
387,38,20.0
387,36,102.0
387,41,23.0
387,60,0.23
387,46,43.0
387,57,0.02
387,56,0.6
387,55,0.1
387,58,0.1
387,27,0.587
387,27,0.206
387,27,0.046
388,43,0.1
388,12,0.63
388,16,3.0
388,59,99.1
388,11,4.0
388,29,0.04
388,38,4.0
388,36,30.0
388,41,4.0
388,60,0.01
388,27,0.002
388,27,0.002
389,43,2.82
389,27,1.62
389,12,4.37
389,16,43.0
389,59,90.5
389,11,106.0
389,29,0.02
389,38,23.0
389,36,152.0
389,41,35.0
389,60,0.37
389,46,69.0
389,57,0.02
389,56,0.9
389,55,0.2
389,58,0.2
389,27,0.943
389,27,0.334
389,27,0.064
390,43,2.72
390,27,1.57
390,12,7.49
390,16,55.0
390,59,87.6
390,11,102.0
390,29,0.02
390,38,23.0
390,36,147.0
390,41,34.0
390,60,0.35
390,46,67.0
390,57,0.03
390,56,0.9
390,55,0.2
390,58,0.2
390,27,0.907
390,27,0.321
390,27,0.062
391,43,2.87
391,27,0.1
391,12,4.37
391,16,30.0
391,59,92.0
391,11,110.0
391,29,0.02
391,38,23.0
391,36,158.0
391,41,36.0
391,60,0.38
391,46,53.0
391,56,0.9
391,27,0.056
391,27,0.014
391,27,0.021
392,43,1.13
392,27,0.8
392,12,6.89
392,16,40.0
392,59,90.8
392,11,41.0
392,29,0.09
392,38,55.0
392,36,123.0
392,41,21.0
392,60,0.17
392,46,18.0
392,57,0.02
392,56,0.3
392,55,0.1
392,58,0.1
392,27,0.453
392,27,0.145
392,27,0.081
393,43,0.12
393,27,0.02
393,16,1.0
393,59,99.4
393,11,2.0
393,29,0.01
393,38,3.0
393,36,49.0
393,41,2.0
393,60,0.02
393,57,0.01
393,58,0.1
393,27,0.002
393,27,0.015
393,27,0.001
394,43,0.15
394,27,0.71
394,12,1.88
394,16,14.0
394,59,97.0
394,11,4.0
394,29,0.04
394,38,4.0
394,36,43.0
394,41,7.0
394,60,0.01
394,57,0.03
394,58,0.1
394,27,0.411
394,27,0.21
394,27,0.01
395,43,7.93
395,27,9.06
395,12,58.8
395,16,348.0
395,59,23.7
395,30,1.9
395,11,17.0
395,29,3.67
395,38,19.0
395,36,115.0
395,41,15.0
395,60,0.9
395,46,16.0
395,57,1.63
395,56,0.2
395,58,2.1
395,27,1.5
395,27,5.32
395,27,1.09
396,43,0.39
396,27,1.39
396,12,10.4
396,16,55.0
396,59,86.2
396,30,0.1
396,11,15.0
396,29,0.13
396,38,1.0
396,36,17.0
396,41,9.0
396,60,0.06
396,46,12.0
396,57,0.03
396,55,0.1
396,58,0.2
396,27,0.844
396,27,0.399
396,27,0.067
397,43,0.02
397,27,0.01
397,12,0.18
397,16,1.0
397,59,99.7
397,11,3.0
397,29,0.01
397,38,1.0
397,36,4.0
397,41,4.0
397,60,0.01
397,27,0.002
397,27,0.002
397,27,0.002
397,43,0.02
397,27,0.01
397,12,0.18
397,16,1.0
397,59,99.7
397,11,3.0
397,29,0.01
397,38,1.0
397,36,4.0
397,41,4.0
397,60,0.01
397,27,0.002
397,27,0.002
397,27,0.002
398,43,0.1
398,27,0.01
398,12,3.98
398,16,16.0
398,59,94.9
398,29,0.01
398,36,4.0
398,41,2.0
399,12,0.2
399,16,1.0
399,59,99.7
399,11,2.0
399,29,0.08
399,38,1.0
399,36,9.0
399,41,1.0
399,60,0.04
399,27,0.002
399,27,0.001
399,27,0.005
400,43,1.58
400,27,1.05
400,12,8.95
400,16,51.0
400,59,88.0
400,30,0.1
400,11,60.0
400,29,0.02
400,38,7.0
400,36,91.0
400,41,20.0
400,60,0.22
400,46,27.0
400,57,0.02
400,56,0.5
400,58,0.1
400,27,0.604
400,27,0.218
400,27,0.035
401,12,0.2
401,16,1.0
401,59,99.7
401,11,2.0
401,29,0.08
401,38,1.0
401,36,9.0
401,41,1.0
401,60,0.04
401,46,1.0
401,27,0.002
401,27,0.001
401,27,0.005
401,12,0.2
401,16,1.0
401,59,99.7
401,11,2.0
401,29,0.08
401,38,1.0
401,36,9.0
401,41,1.0
401,60,0.04
401,46,1.0
401,27,0.002
401,27,0.001
401,27,0.005
402,59,99.6
402,11,8.0
402,29,0.08
402,38,3.0
402,36,20.0
402,41,4.0
402,60,0.04
403,43,4.2
403,27,2.7
403,12,84.0
403,16,378.0
403,59,8.0
403,30,1.6
403,11,12.0
403,29,1.44
403,38,7.0
403,36,41.0
403,41,31.0
403,60,0.17
403,46,1.0
403,57,0.03
403,58,1.1
403,27,0.669
403,27,1.34
403,27,0.466
404,12,0.3
404,16,1.0
404,59,99.7
404,29,0.02
404,38,3.0
404,36,37.0
404,41,3.0
404,60,0.02
404,27,0.002
404,27,0.001
404,27,0.004
405,43,0.22
405,16,1.0
405,59,99.9
405,29,0.02
405,38,1.0
405,36,8.0
405,41,1.0
405,60,0.01
406,27,0.22
406,12,6.2
406,16,27.0
406,59,93.5
406,11,1.0
406,36,12.0
406,41,21.0
406,60,0.01
407,12,0.15
407,16,1.0
407,59,99.8
407,11,1.0
407,38,1.0
407,36,12.0
407,41,3.0
407,60,0.01
408,27,0.22
408,12,10.8
408,16,45.0
408,59,89.0
408,11,4.0
408,38,1.0
408,36,14.0
408,41,3.0
408,60,0.01
409,43,0.01
409,27,0.15
409,12,8.66
409,16,107.0
409,59,80.7
409,11,1.0
409,29,0.04
409,36,7.0
409,41,16.0
409,60,0.07
409,55,0.4
409,27,0.001
409,27,0.003
410,59,99.9
410,38,1.0
410,36,15.0
410,60,0.01
411,12,0.3
411,16,1.0
411,59,99.7
411,29,0.02
411,38,3.0
411,36,37.0
411,41,3.0
411,60,0.02
411,27,0.002
411,27,0.001
411,27,0.004
412,59,99.9
412,11,1.0
412,36,19.0
412,41,7.0
412,60,0.01
413,59,99.9
413,11,1.0
413,36,19.0
413,41,7.0
413,60,0.01
414,12,8.75
414,16,38.0
414,59,91.2
414,11,11.0
414,38,2.0
414,36,27.0
414,41,8.0
414,60,0.01
415,43,0.22
415,16,1.0
415,59,99.9
415,29,0.02
415,38,1.0
415,36,8.0
415,41,1.0
415,60,0.01
416,12,0.3
416,16,1.0
416,59,99.7
416,29,0.02
416,38,3.0
416,36,37.0
416,41,3.0
416,60,0.02
416,27,0.002
416,27,0.001
416,27,0.004
417,12,0.93
417,16,4.0
417,59,98.7
417,11,1.0
417,38,1.0
417,36,5.0
417,41,6.0
417,60,0.01
417,55,9.5
418,59,97.9
418,41,2.0
419,43,0.02
419,12,0.23
419,16,1.0
419,59,99.6
419,11,3.0
419,38,1.0
419,36,10.0
419,41,4.0
419,60,0.01
420,12,0.22
420,16,1.0
420,59,99.7
420,36,14.0
420,41,17.0
421,43,0.2
421,27,0.05
421,12,9.15
421,16,34.0
421,59,90.5
421,30,0.3
421,11,4.0
421,29,0.04
421,38,5.0
421,36,67.0
421,41,12.0
421,60,0.1
421,46,1.0
421,57,0.1
421,55,6.3
421,27,0.013
421,27,0.003
421,27,0.009
422,43,0.22
422,12,1.42
422,16,7.0
422,59,98.1
422,11,6.0
422,29,0.07
422,38,7.0
422,36,65.0
422,41,4.0
422,60,0.01
422,27,0.002
422,27,0.002
423,43,0.84
423,27,0.21
423,12,9.4
423,16,44.0
423,59,89.1
423,30,0.5
423,11,3.0
423,29,0.49
423,38,5.0
423,36,16.0
423,41,135.0
423,60,0.09
423,46,1.0
423,57,0.01
423,27,0.026
423,27,0.046
423,27,0.098
424,59,55.2
424,16,182.0
424,16,761.0
424,43,4.32
424,27,1.68
424,12,37.6
424,11,2.0
424,29,1.0
424,38,27.0
424,36,510.0
424,41,7.0
424,60,0.34
424,55,15.0
424,46,28.0
424,46,558.0
424,27,0.319
424,27,0.619
424,27,0.618
425,59,0.9
425,16,526.0
425,16,2201.0
425,43,30.78
425,27,37.1
425,12,26.62
425,11,159.0
425,29,15.17
425,38,361.0
425,36,423.0
425,41,41.0
425,60,10.67
425,46,3.0
425,46,69.0
425,27,5.196
425,27,14.01
425,27,16.261
426,16,902.0
426,16,3774.0
426,27,100.0
426,27,19.872
426,27,29.037
426,27,40.324
427,59,2.9
427,16,372.0
427,16,1556.0
427,43,1.8
427,27,0.2
427,12,93.3
427,30,8.0
427,11,32.0
427,29,4.6
427,38,5.0
427,36,104.0
427,41,103.0
427,60,0.08
427,27,0.03
427,27,0.06
427,27,0.068
428,59,1.751
428,16,645.456
428,16,602.510076
428,43,20.78734
428,27,53.04
428,12,21.23666
428,30,9.718
428,11,263.8
428,29,4.108
428,38,267.8
428,36,745.4
428,41,0.9963
428,60,3.178
428,57,16.67
428,27,4.253
428,27,34.69
428,27,12.61
429,59,12.95
429,16,356.135
429,16,331.6005206
429,43,11.06534
429,27,3.039
429,12,71.13066
429,30,4.046
429,30,4.805
429,30,4.103
429,11,13.64
429,29,2.444
429,38,203.0
429,36,414.5
429,60,2.236
430,59,10.21
430,16,375.618
430,16,380.6064975
430,43,10.02177
430,27,4.194
430,12,74.44623
430,30,2.619
430,30,3.326
430,30,2.729
430,11,9.105
430,29,2.534
430,38,105.5
430,36,214.1
430,60,2.258
431,59,94.73
431,16,21.9574
431,16,18.95436075
431,43,0.695625
431,27,0.425
431,12,3.837475
431,30,0.9706
431,11,9.963
431,29,0.1031
431,38,8.089
431,36,192.8
431,60,0.08245
431,55,17.75
431,46,23.9
432,59,4.316
432,16,622.042
432,16,577.62536
432,43,26.24375
432,27,50.23
432,12,16.24925
432,30,9.266
432,11,232.3
432,29,3.225
432,38,251.1
432,36,666.8
432,41,0.8944
432,60,2.795